inst#,actual,predicted,error,distribution,
1,1:0,1:0,,*0.68,0.32
2,1:0,1:0,,*0.58,0.42
3,1:0,2:1,+,0.15,*0.85
4,1:0,1:0,,*0.66,0.34
5,1:0,1:0,,*0.63,0.37
6,1:0,2:1,+,0.49,*0.51
7,1:0,1:0,,*0.57,0.43
8,1:0,1:0,,*0.6,0.4
9,1:0,2:1,+,0.48,*0.52
10,1:0,1:0,,*0.53,0.47
11,1:0,1:0,,*0.85,0.15
12,1:0,1:0,,*0.53,0.47
13,1:0,1:0,,*0.89,0.11
14,1:0,1:0,,*0.8,0.2
15,2:1,2:1,,0.48,*0.52
16,1:0,2:1,+,0.48,*0.52
17,1:0,1:0,,*0.7,0.3
18,1:0,1:0,,*0.57,0.43
19,1:0,2:1,+,0.48,*0.52
20,1:0,1:0,,*0.84,0.16
21,1:0,1:0,,*0.61,0.39
22,1:0,2:1,+,0.27,*0.73
23,1:0,1:0,,*0.61,0.39
24,1:0,2:1,+,0.28,*0.72
25,1:0,2:1,+,0.39,*0.61
26,1:0,2:1,+,0.17,*0.83
27,1:0,2:1,+,0.49,*0.51
28,1:0,1:0,,*0.84,0.16
29,1:0,2:1,+,0.43,*0.57
30,1:0,2:1,+,0.18,*0.82
31,1:0,2:1,+,0.4,*0.6
32,1:0,2:1,+,0.44,*0.56
33,1:0,1:0,,*0.53,0.47
34,1:0,1:0,,*0.77,0.23
35,1:0,1:0,,*0.7,0.3
36,1:0,1:0,,*0.59,0.41
37,1:0,1:0,,*0.76,0.24
38,1:0,1:0,,*0.63,0.37
39,1:0,2:1,+,0.21,*0.79
40,1:0,1:0,,*0.67,0.33
41,1:0,1:0,,*0.51,0.49
42,1:0,2:1,+,0.09,*0.91
43,1:0,1:0,,*0.61,0.39
44,1:0,1:0,,*0.81,0.19
45,1:0,1:0,,*0.6,0.4
46,1:0,2:1,+,0.26,*0.74
47,1:0,2:1,+,0.29,*0.71
48,1:0,2:1,+,0.29,*0.71
49,1:0,1:0,,*0.63,0.37
50,1:0,2:1,+,0.23,*0.77
51,1:0,1:0,,*0.61,0.39
52,1:0,2:1,+,0.19,*0.81
53,1:0,1:0,,*0.52,0.48
54,1:0,2:1,+,0.25,*0.75
55,1:0,1:0,,*0.65,0.35
56,1:0,2:1,+,0.39,*0.61
57,1:0,1:0,,*0.54,0.46
58,1:0,1:0,,*0.62,0.38
59,1:0,2:1,+,0.36,*0.64
60,1:0,1:0,,*0.58,0.42
61,1:0,2:1,+,0.2,*0.8
62,1:0,1:0,,*0.53,0.47
63,1:0,1:0,,*0.75,0.25
64,1:0,2:1,+,0.28,*0.72
65,1:0,1:0,,*0.5,0.5
66,1:0,1:0,,*0.71,0.29
67,1:0,1:0,,*0.76,0.24
68,1:0,2:1,+,0.15,*0.85
69,1:0,1:0,,*0.77,0.23
70,1:0,1:0,,*0.64,0.36
71,1:0,2:1,+,0.18,*0.82
72,1:0,2:1,+,0.32,*0.68
73,1:0,2:1,+,0.38,*0.62
74,1:0,1:0,,*0.62,0.38
75,1:0,2:1,+,0.22,*0.78
76,1:0,1:0,,*0.64,0.36
77,1:0,1:0,,*0.63,0.37
78,1:0,1:0,,*0.53,0.47
79,1:0,1:0,,*0.66,0.34
80,1:0,2:1,+,0.14,*0.86
81,1:0,1:0,,*0.52,0.48
82,1:0,2:1,+,0.3,*0.7
83,1:0,1:0,,*0.58,0.42
84,1:0,1:0,,*0.84,0.16
85,1:0,2:1,+,0.12,*0.88
86,1:0,2:1,+,0.47,*0.53
87,1:0,2:1,+,0.34,*0.66
88,1:0,1:0,,*0.57,0.43
89,1:0,1:0,,*0.55,0.45
90,1:0,1:0,,*0.62,0.38
91,1:0,2:1,+,0.49,*0.51
92,1:0,2:1,+,0.22,*0.78
93,1:0,1:0,,*0.64,0.36
94,1:0,1:0,,*0.52,0.48
95,1:0,1:0,,*0.88,0.12
96,1:0,2:1,+,0.22,*0.78
97,1:0,1:0,,*0.58,0.42
98,1:0,1:0,,*0.6,0.4
99,1:0,1:0,,*0.85,0.15
100,1:0,1:0,,*0.51,0.49
101,1:0,2:1,+,0.43,*0.57
102,1:0,2:1,+,0.44,*0.56
103,1:0,2:1,+,0.1,*0.9
104,1:0,1:0,,*0.76,0.24
105,1:0,1:0,,*0.55,0.45
106,1:0,1:0,,*0.66,0.34
107,1:0,1:0,,*0.81,0.19
108,1:0,2:1,+,0.47,*0.53
109,1:0,1:0,,*0.9,0.1
110,1:0,2:1,+,0.32,*0.68
111,1:0,2:1,+,0.2,*0.8
112,1:0,1:0,,*0.67,0.33
113,1:0,1:0,,*0.66,0.34
114,1:0,1:0,,*0.57,0.43
115,1:0,2:1,+,0.28,*0.72
116,1:0,2:1,+,0.23,*0.77
117,1:0,1:0,,*0.79,0.21
118,1:0,1:0,,*0.53,0.47
119,1:0,2:1,+,0.47,*0.53
120,1:0,2:1,+,0.23,*0.77
121,1:0,2:1,+,0.36,*0.64
122,1:0,2:1,+,0.32,*0.68
123,1:0,2:1,+,0.44,*0.56
124,1:0,1:0,,*0.79,0.21
125,1:0,1:0,,*0.54,0.46
126,1:0,1:0,,*0.56,0.44
127,1:0,1:0,,*0.55,0.45
128,1:0,2:1,+,0.42,*0.58
129,1:0,1:0,,*0.64,0.36
130,1:0,1:0,,*0.5,0.5
131,1:0,1:0,,*0.76,0.24
132,1:0,2:1,+,0.33,*0.67
133,1:0,2:1,+,0.43,*0.57
134,1:0,2:1,+,0.36,*0.64
135,1:0,1:0,,*0.55,0.45
136,1:0,1:0,,*0.82,0.18
137,1:0,2:1,+,0.47,*0.53
138,1:0,1:0,,*0.85,0.15
139,1:0,2:1,+,0.22,*0.78
140,1:0,2:1,+,0.17,*0.83
141,1:0,2:1,+,0.38,*0.62
142,1:0,2:1,+,0.49,*0.51
143,1:0,2:1,+,0.13,*0.87
144,1:0,2:1,+,0.37,*0.63
145,1:0,1:0,,*0.53,0.47
146,1:0,1:0,,*0.64,0.36
147,1:0,1:0,,*0.86,0.14
148,1:0,2:1,+,0.47,*0.53
149,1:0,2:1,+,0.2,*0.8
150,1:0,1:0,,*0.61,0.39
151,1:0,1:0,,*0.77,0.23
152,1:0,2:1,+,0.49,*0.51
153,1:0,1:0,,*0.54,0.46
154,1:0,1:0,,*0.66,0.34
155,1:0,2:1,+,0.46,*0.54
156,1:0,1:0,,*0.67,0.33
157,1:0,2:1,+,0.49,*0.51
158,1:0,2:1,+,0.46,*0.54
159,1:0,1:0,,*0.76,0.24
160,1:0,2:1,+,0.44,*0.56
161,1:0,1:0,,*0.8,0.2
162,1:0,2:1,+,0.46,*0.54
163,1:0,1:0,,*0.58,0.42
164,1:0,2:1,+,0.49,*0.51
165,1:0,2:1,+,0.24,*0.76
166,1:0,1:0,,*0.87,0.13
167,1:0,2:1,+,0.38,*0.62
168,1:0,1:0,,*0.75,0.25
169,1:0,1:0,,*0.5,0.5
170,1:0,2:1,+,0.4,*0.6
171,1:0,1:0,,*0.57,0.43
172,1:0,1:0,,*0.58,0.42
173,1:0,2:1,+,0.32,*0.68
174,1:0,2:1,+,0.24,*0.76
175,1:0,2:1,+,0.13,*0.87
176,1:0,1:0,,*0.58,0.42
177,1:0,2:1,+,0.42,*0.58
178,1:0,2:1,+,0.47,*0.53
179,1:0,2:1,+,0.46,*0.54
180,1:0,1:0,,*0.7,0.3
181,1:0,1:0,,*0.57,0.43
182,1:0,2:1,+,0.49,*0.51
183,1:0,1:0,,*0.85,0.15
184,1:0,2:1,+,0.4,*0.6
185,1:0,1:0,,*0.58,0.42
186,1:0,1:0,,*0.67,0.33
187,1:0,2:1,+,0.38,*0.62
188,1:0,1:0,,*0.55,0.45
189,1:0,1:0,,*0.55,0.45
190,1:0,1:0,,*0.51,0.49
191,1:0,2:1,+,0.35,*0.65
192,1:0,1:0,,*0.53,0.47
193,1:0,1:0,,*0.59,0.41
194,1:0,2:1,+,0.47,*0.53
195,1:0,1:0,,*0.55,0.45
196,1:0,2:1,+,0.39,*0.61
197,1:0,1:0,,*0.52,0.48
198,1:0,1:0,,*0.8,0.2
199,1:0,2:1,+,0.44,*0.56
200,1:0,2:1,+,0.18,*0.82
201,1:0,1:0,,*0.55,0.45
202,1:0,1:0,,*0.86,0.14
203,1:0,1:0,,*0.55,0.45
204,1:0,2:1,+,0.39,*0.61
205,1:0,1:0,,*0.71,0.29
206,1:0,1:0,,*0.63,0.37
207,1:0,2:1,+,0.44,*0.56
208,1:0,1:0,,*0.65,0.35
209,1:0,2:1,+,0.4,*0.6
210,1:0,1:0,,*0.52,0.48
211,1:0,2:1,+,0.41,*0.59
212,1:0,1:0,,*0.79,0.21
213,1:0,1:0,,*0.54,0.46
214,1:0,1:0,,*0.61,0.39
215,1:0,1:0,,*0.7,0.3
216,1:0,2:1,+,0.39,*0.61
217,1:0,1:0,,*0.56,0.44
218,1:0,1:0,,*0.58,0.42
219,1:0,2:1,+,0.37,*0.63
220,1:0,1:0,,*0.81,0.19
221,1:0,2:1,+,0.29,*0.71
222,1:0,2:1,+,0.44,*0.56
223,1:0,2:1,+,0.41,*0.59
224,1:0,2:1,+,0.45,*0.55
225,1:0,2:1,+,0.39,*0.61
226,1:0,1:0,,*0.53,0.47
227,1:0,2:1,+,0.31,*0.69
228,1:0,2:1,+,0.33,*0.67
229,1:0,2:1,+,0.41,*0.59
230,1:0,1:0,,*0.62,0.38
231,1:0,1:0,,*0.76,0.24
232,1:0,1:0,,*0.54,0.46
233,1:0,2:1,+,0.25,*0.75
234,1:0,1:0,,*0.6,0.4
235,1:0,2:1,+,0.35,*0.65
236,1:0,2:1,+,0.28,*0.72
237,1:0,2:1,+,0.39,*0.61
238,1:0,1:0,,*0.65,0.35
239,1:0,2:1,+,0.23,*0.77
240,1:0,2:1,+,0.18,*0.82
241,1:0,1:0,,*0.78,0.22
242,1:0,2:1,+,0.37,*0.63
243,1:0,2:1,+,0.44,*0.56
244,1:0,2:1,+,0.13,*0.87
245,1:0,1:0,,*0.53,0.47
246,1:0,1:0,,*0.82,0.18
247,1:0,1:0,,*0.52,0.48
248,1:0,2:1,+,0.49,*0.51
249,1:0,2:1,+,0.49,*0.51
250,1:0,1:0,,*0.54,0.46
251,1:0,2:1,+,0.44,*0.56
252,1:0,1:0,,*0.52,0.48
253,1:0,1:0,,*0.56,0.44
254,1:0,2:1,+,0.19,*0.81
255,1:0,2:1,+,0.45,*0.55
256,1:0,2:1,+,0.45,*0.55
257,1:0,1:0,,*0.86,0.14
258,1:0,2:1,+,0.28,*0.72
259,1:0,2:1,+,0.2,*0.8
260,1:0,1:0,,*0.68,0.32
261,1:0,1:0,,*0.6,0.4
262,1:0,1:0,,*0.87,0.13
263,1:0,1:0,,*0.65,0.35
264,1:0,2:1,+,0.23,*0.77
265,1:0,1:0,,*0.51,0.49
266,1:0,1:0,,*0.55,0.45
267,1:0,2:1,+,0.27,*0.73
268,1:0,2:1,+,0.17,*0.83
269,1:0,1:0,,*0.56,0.44
270,1:0,2:1,+,0.42,*0.58
271,1:0,1:0,,*0.64,0.36
272,1:0,1:0,,*0.58,0.42
273,1:0,2:1,+,0.29,*0.71
274,1:0,1:0,,*0.51,0.49
275,1:0,1:0,,*0.84,0.16
276,1:0,1:0,,*0.6,0.4
277,1:0,1:0,,*0.78,0.22
278,1:0,1:0,,*0.83,0.17
279,1:0,1:0,,*0.54,0.46
280,1:0,1:0,,*0.6,0.4
281,1:0,1:0,,*0.54,0.46
282,1:0,2:1,+,0.2,*0.8
283,1:0,1:0,,*0.75,0.25
284,1:0,1:0,,*0.63,0.37
285,1:0,1:0,,*0.59,0.41
286,1:0,2:1,+,0.11,*0.89
287,1:0,2:1,+,0.45,*0.55
288,1:0,1:0,,*0.74,0.26
289,1:0,1:0,,*0.53,0.47
290,1:0,1:0,,*0.84,0.16
291,1:0,1:0,,*0.77,0.23
292,1:0,1:0,,*0.62,0.38
293,1:0,2:1,+,0.47,*0.53
294,1:0,1:0,,*0.61,0.39
295,1:0,2:1,+,0.21,*0.79
296,1:0,1:0,,*0.75,0.25
297,1:0,2:1,+,0.17,*0.83
298,1:0,2:1,+,0.46,*0.54
299,1:0,2:1,+,0.24,*0.76
300,1:0,1:0,,*0.64,0.36
301,1:0,2:1,+,0.41,*0.59
302,1:0,2:1,+,0.49,*0.51
303,1:0,2:1,+,0.18,*0.82
304,1:0,1:0,,*0.54,0.46
305,1:0,2:1,+,0.14,*0.86
306,1:0,2:1,+,0.07,*0.93
307,1:0,1:0,,*0.65,0.35
308,1:0,1:0,,*0.76,0.24
309,1:0,1:0,,*0.65,0.35
310,1:0,1:0,,*0.57,0.43
311,1:0,1:0,,*0.56,0.44
312,1:0,2:1,+,0.38,*0.62
313,1:0,1:0,,*0.52,0.48
314,1:0,1:0,,*0.52,0.48
315,1:0,2:1,+,0.27,*0.73
316,1:0,2:1,+,0.13,*0.87
317,1:0,1:0,,*0.52,0.48
318,1:0,1:0,,*0.73,0.27
319,1:0,1:0,,*0.82,0.18
320,1:0,1:0,,*0.6,0.4
321,1:0,1:0,,*0.53,0.47
322,1:0,2:1,+,0.19,*0.81
323,1:0,1:0,,*0.8,0.2
324,1:0,1:0,,*0.55,0.45
325,1:0,1:0,,*0.5,0.5
326,1:0,1:0,,*0.55,0.45
327,1:0,2:1,+,0.42,*0.58
328,1:0,1:0,,*0.67,0.33
329,1:0,1:0,,*0.58,0.42
330,1:0,2:1,+,0.44,*0.56
331,1:0,1:0,,*0.85,0.15
332,1:0,1:0,,*0.57,0.43
333,1:0,2:1,+,0.19,*0.81
334,1:0,1:0,,*0.55,0.45
335,1:0,2:1,+,0.4,*0.6
336,1:0,2:1,+,0.42,*0.58
337,1:0,2:1,+,0.35,*0.65
338,1:0,1:0,,*0.54,0.46
339,1:0,1:0,,*0.57,0.43
340,1:0,2:1,+,0.41,*0.59
341,1:0,2:1,+,0.12,*0.88
342,1:0,2:1,+,0.38,*0.62
343,1:0,1:0,,*0.53,0.47
344,1:0,1:0,,*0.59,0.41
345,1:0,1:0,,*0.57,0.43
346,1:0,2:1,+,0.31,*0.69
347,1:0,2:1,+,0.47,*0.53
348,1:0,1:0,,*0.68,0.32
349,1:0,1:0,,*0.57,0.43
350,1:0,1:0,,*0.77,0.23
351,1:0,1:0,,*0.54,0.46
352,1:0,2:1,+,0.45,*0.55
353,1:0,1:0,,*0.63,0.37
354,1:0,1:0,,*0.57,0.43
355,1:0,2:1,+,0.47,*0.53
356,1:0,2:1,+,0.48,*0.52
357,1:0,2:1,+,0.47,*0.53
358,1:0,1:0,,*0.67,0.33
359,1:0,1:0,,*0.53,0.47
360,1:0,1:0,,*0.61,0.39
361,1:0,1:0,,*0.55,0.45
362,1:0,1:0,,*0.56,0.44
363,1:0,1:0,,*0.57,0.43
364,1:0,1:0,,*0.65,0.35
365,1:0,1:0,,*0.54,0.46
366,1:0,2:1,+,0.38,*0.62
367,1:0,1:0,,*0.5,0.5
368,1:0,2:1,+,0.35,*0.65
369,1:0,1:0,,*0.86,0.14
370,1:0,2:1,+,0.17,*0.83
371,1:0,2:1,+,0.44,*0.56
372,1:0,2:1,+,0.43,*0.57
373,1:0,2:1,+,0.48,*0.52
374,1:0,1:0,,*0.86,0.14
375,1:0,2:1,+,0.37,*0.63
376,1:0,2:1,+,0.45,*0.55
377,1:0,2:1,+,0.43,*0.57
378,1:0,1:0,,*0.54,0.46
379,1:0,2:1,+,0.46,*0.54
380,1:0,1:0,,*0.6,0.4
381,1:0,2:1,+,0.17,*0.83
382,1:0,2:1,+,0.46,*0.54
383,1:0,2:1,+,0.11,*0.89
384,1:0,1:0,,*0.54,0.46
385,1:0,1:0,,*0.51,0.49
386,1:0,2:1,+,0.23,*0.77
387,1:0,2:1,+,0.46,*0.54
388,1:0,2:1,+,0.48,*0.52
389,1:0,1:0,,*0.52,0.48
390,1:0,1:0,,*0.86,0.14
391,1:0,1:0,,*0.57,0.43
392,1:0,1:0,,*0.55,0.45
393,1:0,2:1,+,0.23,*0.77
394,1:0,2:1,+,0.45,*0.55
395,1:0,2:1,+,0.33,*0.67
396,1:0,1:0,,*0.58,0.42
397,1:0,1:0,,*0.65,0.35
398,1:0,1:0,,*0.52,0.48
399,1:0,2:1,+,0.39,*0.61
400,1:0,2:1,+,0.35,*0.65
401,1:0,1:0,,*0.59,0.41
402,1:0,1:0,,*0.58,0.42
403,1:0,1:0,,*0.56,0.44
404,1:0,2:1,+,0.22,*0.78
405,1:0,1:0,,*0.64,0.36
406,1:0,1:0,,*0.58,0.42
407,1:0,1:0,,*0.54,0.46
408,1:0,1:0,,*0.53,0.47
409,1:0,1:0,,*0.61,0.39
410,1:0,2:1,+,0.45,*0.55
411,1:0,1:0,,*0.63,0.37
412,1:0,1:0,,*0.54,0.46
413,1:0,1:0,,*0.79,0.21
414,1:0,1:0,,*0.56,0.44
415,1:0,1:0,,*0.66,0.34
416,1:0,1:0,,*0.75,0.25
417,1:0,1:0,,*0.65,0.35
418,1:0,1:0,,*0.66,0.34
419,1:0,2:1,+,0.39,*0.61
420,1:0,1:0,,*0.5,0.5
421,1:0,2:1,+,0.38,*0.62
422,1:0,1:0,,*0.7,0.3
423,1:0,2:1,+,0.19,*0.81
424,1:0,1:0,,*0.53,0.47
425,1:0,1:0,,*0.53,0.47
426,1:0,1:0,,*0.57,0.43
427,1:0,1:0,,*0.57,0.43
428,1:0,1:0,,*0.52,0.48
429,1:0,1:0,,*0.58,0.42
430,1:0,2:1,+,0.43,*0.57
431,1:0,2:1,+,0.35,*0.65
432,1:0,2:1,+,0.36,*0.64
433,1:0,2:1,+,0.24,*0.76
434,1:0,2:1,+,0.13,*0.87
435,1:0,1:0,,*0.63,0.37
436,1:0,1:0,,*0.55,0.45
437,1:0,1:0,,*0.6,0.4
438,1:0,1:0,,*0.54,0.46
439,1:0,2:1,+,0.08,*0.92
440,1:0,1:0,,*0.57,0.43
441,1:0,1:0,,*0.77,0.23
442,1:0,2:1,+,0.25,*0.75
443,1:0,1:0,,*0.58,0.42
444,1:0,1:0,,*0.58,0.42
445,1:0,2:1,+,0.47,*0.53
446,1:0,2:1,+,0.42,*0.58
447,1:0,2:1,+,0.2,*0.8
448,1:0,2:1,+,0.41,*0.59
449,1:0,1:0,,*0.84,0.16
450,1:0,2:1,+,0.11,*0.89
451,1:0,2:1,+,0.1,*0.9
452,1:0,2:1,+,0.46,*0.54
453,1:0,1:0,,*0.5,0.5
454,1:0,1:0,,*0.6,0.4
455,1:0,2:1,+,0.15,*0.85
456,1:0,1:0,,*0.62,0.38
457,1:0,1:0,,*0.84,0.16
458,1:0,2:1,+,0.47,*0.53
459,1:0,2:1,+,0.2,*0.8
460,1:0,2:1,+,0.38,*0.62
461,1:0,2:1,+,0.25,*0.75
462,1:0,1:0,,*0.66,0.34
463,1:0,1:0,,*0.52,0.48
464,1:0,2:1,+,0.17,*0.83
465,1:0,2:1,+,0.16,*0.84
466,1:0,1:0,,*0.58,0.42
467,1:0,2:1,+,0.36,*0.64
468,1:0,2:1,+,0.43,*0.57
469,1:0,2:1,+,0.33,*0.67
470,1:0,2:1,+,0.39,*0.61
471,1:0,2:1,+,0.3,*0.7
472,1:0,1:0,,*0.9,0.1
473,1:0,1:0,,*0.62,0.38
474,1:0,2:1,+,0.37,*0.63
475,1:0,2:1,+,0.26,*0.74
476,1:0,1:0,,*0.76,0.24
477,1:0,2:1,+,0.44,*0.56
478,1:0,2:1,+,0.1,*0.9
479,1:0,1:0,,*0.52,0.48
480,1:0,1:0,,*0.82,0.18
481,1:0,2:1,+,0.29,*0.71
482,1:0,1:0,,*0.55,0.45
483,1:0,1:0,,*0.5,0.5
484,1:0,2:1,+,0.14,*0.86
485,1:0,2:1,+,0.42,*0.58
486,1:0,2:1,+,0.47,*0.53
487,1:0,1:0,,*0.58,0.42
488,1:0,2:1,+,0.36,*0.64
489,1:0,2:1,+,0.38,*0.62
490,1:0,1:0,,*0.5,0.5
491,1:0,1:0,,*0.6,0.4
492,1:0,1:0,,*0.52,0.48
493,1:0,1:0,,*0.7,0.3
494,1:0,2:1,+,0.27,*0.73
495,1:0,2:1,+,0.37,*0.63
496,1:0,1:0,,*0.61,0.39
497,1:0,2:1,+,0.36,*0.64
498,1:0,1:0,,*0.6,0.4
499,1:0,2:1,+,0.45,*0.55
500,1:0,1:0,,*0.69,0.31
501,1:0,1:0,,*0.82,0.18
502,1:0,2:1,+,0.2,*0.8
503,1:0,2:1,+,0.25,*0.75
504,1:0,2:1,+,0.29,*0.71
505,1:0,1:0,,*0.58,0.42
506,1:0,2:1,+,0.17,*0.83
507,1:0,1:0,,*0.64,0.36
508,1:0,1:0,,*0.88,0.12
509,1:0,1:0,,*0.64,0.36
510,1:0,2:1,+,0.34,*0.66
511,1:0,1:0,,*0.51,0.49
512,1:0,1:0,,*0.51,0.49
513,1:0,2:1,+,0.47,*0.53
514,1:0,1:0,,*0.64,0.36
515,1:0,1:0,,*0.63,0.37
516,1:0,2:1,+,0.41,*0.59
517,1:0,1:0,,*0.54,0.46
518,1:0,1:0,,*0.53,0.47
519,1:0,2:1,+,0.37,*0.63
520,1:0,1:0,,*0.86,0.14
521,1:0,2:1,+,0.46,*0.54
522,1:0,1:0,,*0.55,0.45
523,1:0,2:1,+,0.24,*0.76
524,1:0,2:1,+,0.4,*0.6
525,1:0,1:0,,*0.6,0.4
526,1:0,1:0,,*0.5,0.5
527,1:0,2:1,+,0.31,*0.69
528,1:0,1:0,,*0.54,0.46
529,1:0,2:1,+,0.12,*0.88
530,1:0,1:0,,*0.54,0.46
531,1:0,2:1,+,0.37,*0.63
532,1:0,1:0,,*0.71,0.29
533,1:0,1:0,,*0.54,0.46
534,1:0,1:0,,*0.55,0.45
535,1:0,1:0,,*0.71,0.29
536,1:0,2:1,+,0.49,*0.51
537,1:0,2:1,+,0.37,*0.63
538,1:0,1:0,,*0.56,0.44
539,1:0,2:1,+,0.39,*0.61
540,1:0,1:0,,*0.62,0.38
541,1:0,1:0,,*0.56,0.44
542,1:0,2:1,+,0.21,*0.79
543,1:0,2:1,+,0.39,*0.61
544,1:0,1:0,,*0.62,0.38
545,1:0,2:1,+,0.15,*0.85
546,1:0,1:0,,*0.52,0.48
547,1:0,1:0,,*0.54,0.46
548,1:0,1:0,,*0.85,0.15
549,1:0,1:0,,*0.53,0.47
550,1:0,2:1,+,0.27,*0.73
551,1:0,2:1,+,0.33,*0.67
552,1:0,2:1,+,0.4,*0.6
553,1:0,1:0,,*0.62,0.38
554,1:0,1:0,,*0.53,0.47
555,1:0,1:0,,*0.58,0.42
556,1:0,2:1,+,0.29,*0.71
557,1:0,1:0,,*0.63,0.37
558,1:0,2:1,+,0.47,*0.53
559,1:0,1:0,,*0.69,0.31
560,1:0,1:0,,*0.71,0.29
561,1:0,1:0,,*0.8,0.2
562,1:0,1:0,,*0.61,0.39
563,1:0,2:1,+,0.43,*0.57
564,1:0,1:0,,*0.63,0.37
565,1:0,2:1,+,0.23,*0.77
566,1:0,2:1,+,0.45,*0.55
567,1:0,1:0,,*0.56,0.44
568,1:0,1:0,,*0.62,0.38
569,1:0,1:0,,*0.77,0.23
570,1:0,1:0,,*0.57,0.43
571,1:0,2:1,+,0.46,*0.54
572,1:0,2:1,+,0.4,*0.6
573,1:0,1:0,,*0.93,0.07
574,1:0,2:1,+,0.41,*0.59
575,1:0,1:0,,*0.86,0.14
576,1:0,1:0,,*0.51,0.49
577,1:0,1:0,,*0.52,0.48
578,1:0,1:0,,*0.51,0.49
579,1:0,2:1,+,0.26,*0.74
580,1:0,1:0,,*0.54,0.46
581,1:0,1:0,,*0.54,0.46
582,1:0,1:0,,*0.52,0.48
583,1:0,2:1,+,0.18,*0.82
584,1:0,2:1,+,0.48,*0.52
585,1:0,2:1,+,0.47,*0.53
586,1:0,2:1,+,0.47,*0.53
587,1:0,1:0,,*0.62,0.38
588,1:0,2:1,+,0.47,*0.53
589,1:0,2:1,+,0.15,*0.85
590,1:0,2:1,+,0.47,*0.53
591,1:0,2:1,+,0.48,*0.52
592,1:0,2:1,+,0.1,*0.9
593,1:0,1:0,,*0.66,0.34
594,1:0,1:0,,*0.51,0.49
595,1:0,2:1,+,0.43,*0.57
596,1:0,1:0,,*0.63,0.37
597,1:0,2:1,+,0.46,*0.54
598,1:0,2:1,+,0.48,*0.52
599,1:0,2:1,+,0.44,*0.56
600,1:0,1:0,,*0.56,0.44
601,1:0,2:1,+,0.19,*0.81
602,1:0,2:1,+,0.24,*0.76
603,1:0,1:0,,*0.87,0.13
604,1:0,1:0,,*0.86,0.14
605,1:0,1:0,,*0.68,0.32
606,1:0,2:1,+,0.35,*0.65
607,1:0,1:0,,*0.76,0.24
608,1:0,1:0,,*0.61,0.39
609,1:0,2:1,+,0.45,*0.55
610,1:0,2:1,+,0.49,*0.51
611,1:0,2:1,+,0.48,*0.52
612,1:0,1:0,,*0.51,0.49
613,1:0,1:0,,*0.8,0.2
614,1:0,2:1,+,0.13,*0.87
615,1:0,1:0,,*0.55,0.45
616,1:0,1:0,,*0.63,0.37
617,1:0,2:1,+,0.4,*0.6
618,1:0,1:0,,*0.61,0.39
619,1:0,2:1,+,0.47,*0.53
620,1:0,1:0,,*0.55,0.45
621,1:0,1:0,,*0.54,0.46
622,1:0,2:1,+,0.37,*0.63
623,1:0,2:1,+,0.36,*0.64
624,1:0,1:0,,*0.57,0.43
625,1:0,2:1,+,0.43,*0.57
626,1:0,1:0,,*0.8,0.2
627,1:0,1:0,,*0.92,0.08
628,1:0,2:1,+,0.17,*0.83
629,1:0,1:0,,*0.69,0.31
630,1:0,1:0,,*0.82,0.18
631,1:0,1:0,,*0.65,0.35
632,1:0,1:0,,*0.82,0.18
633,1:0,2:1,+,0.26,*0.74
634,1:0,1:0,,*0.52,0.48
635,1:0,1:0,,*0.6,0.4
636,1:0,2:1,+,0.1,*0.9
637,1:0,2:1,+,0.13,*0.87
638,1:0,1:0,,*0.64,0.36
639,1:0,1:0,,*0.52,0.48
640,1:0,2:1,+,0.31,*0.69
641,1:0,2:1,+,0.25,*0.75
642,1:0,1:0,,*0.55,0.45
643,1:0,1:0,,*0.65,0.35
644,1:0,1:0,,*0.62,0.38
645,1:0,1:0,,*0.53,0.47
646,1:0,1:0,,*0.65,0.35
647,1:0,2:1,+,0.46,*0.54
648,1:0,1:0,,*0.69,0.31
649,1:0,2:1,+,0.13,*0.87
650,1:0,2:1,+,0.13,*0.87
651,1:0,2:1,+,0.3,*0.7
652,1:0,1:0,,*0.57,0.43
653,1:0,2:1,+,0.47,*0.53
654,1:0,1:0,,*0.52,0.48
655,1:0,1:0,,*0.53,0.47
656,1:0,2:1,+,0.34,*0.66
657,1:0,1:0,,*0.57,0.43
658,1:0,2:1,+,0.16,*0.84
659,1:0,2:1,+,0.18,*0.82
660,1:0,2:1,+,0.33,*0.67
661,1:0,1:0,,*0.71,0.29
662,1:0,1:0,,*0.55,0.45
663,1:0,1:0,,*0.55,0.45
664,1:0,1:0,,*0.79,0.21
665,1:0,1:0,,*0.63,0.37
666,1:0,1:0,,*0.69,0.31
667,1:0,1:0,,*0.62,0.38
668,1:0,2:1,+,0.2,*0.8
669,1:0,1:0,,*0.84,0.16
670,1:0,1:0,,*0.61,0.39
671,1:0,2:1,+,0.4,*0.6
672,1:0,1:0,,*0.92,0.08
673,1:0,2:1,+,0.44,*0.56
674,1:0,1:0,,*0.52,0.48
675,1:0,1:0,,*0.69,0.31
676,1:0,1:0,,*0.62,0.38
677,1:0,1:0,,*0.51,0.49
678,1:0,1:0,,*0.58,0.42
679,1:0,2:1,+,0.27,*0.73
680,1:0,2:1,+,0.47,*0.53
681,1:0,2:1,+,0.47,*0.53
682,1:0,2:1,+,0.46,*0.54
683,1:0,2:1,+,0.37,*0.63
684,1:0,1:0,,*0.5,0.5
685,1:0,1:0,,*0.59,0.41
686,1:0,1:0,,*0.5,0.5
687,1:0,2:1,+,0.28,*0.72
688,1:0,2:1,+,0.47,*0.53
689,1:0,1:0,,*0.56,0.44
690,1:0,2:1,+,0.49,*0.51
691,1:0,1:0,,*0.64,0.36
692,1:0,1:0,,*0.54,0.46
693,1:0,2:1,+,0.43,*0.57
694,1:0,1:0,,*0.52,0.48
695,1:0,1:0,,*0.61,0.39
696,1:0,2:1,+,0.39,*0.61
697,1:0,1:0,,*0.82,0.18
698,1:0,2:1,+,0.38,*0.62
699,1:0,1:0,,*0.53,0.47
700,1:0,1:0,,*0.67,0.33
701,1:0,1:0,,*0.73,0.27
702,1:0,1:0,,*0.58,0.42
703,1:0,1:0,,*0.77,0.23
704,1:0,1:0,,*0.54,0.46
705,1:0,2:1,+,0.47,*0.53
706,1:0,2:1,+,0.37,*0.63
707,1:0,2:1,+,0.39,*0.61
708,1:0,2:1,+,0.44,*0.56
709,1:0,1:0,,*0.68,0.32
710,1:0,1:0,,*0.58,0.42
711,1:0,1:0,,*0.6,0.4
712,1:0,1:0,,*0.6,0.4
713,1:0,2:1,+,0.26,*0.74
714,1:0,1:0,,*0.84,0.16
715,1:0,1:0,,*0.62,0.38
716,1:0,1:0,,*0.57,0.43
717,1:0,2:1,+,0.47,*0.53
718,1:0,2:1,+,0.48,*0.52
719,1:0,1:0,,*0.51,0.49
720,1:0,1:0,,*0.78,0.22
721,1:0,2:1,+,0.46,*0.54
722,1:0,1:0,,*0.89,0.11
723,1:0,2:1,+,0.45,*0.55
724,1:0,1:0,,*0.58,0.42
725,1:0,2:1,+,0.35,*0.65
726,1:0,2:1,+,0.33,*0.67
727,1:0,1:0,,*0.8,0.2
728,1:0,2:1,+,0.45,*0.55
729,1:0,2:1,+,0.39,*0.61
730,1:0,2:1,+,0.42,*0.58
731,1:0,1:0,,*0.63,0.37
732,1:0,1:0,,*0.71,0.29
733,1:0,2:1,+,0.08,*0.92
734,1:0,1:0,,*0.63,0.37
735,1:0,2:1,+,0.48,*0.52
736,1:0,2:1,+,0.34,*0.66
737,1:0,1:0,,*0.64,0.36
738,1:0,1:0,,*0.8,0.2
739,1:0,1:0,,*0.66,0.34
740,1:0,2:1,+,0.46,*0.54
741,1:0,2:1,+,0.43,*0.57
742,1:0,2:1,+,0.14,*0.86
743,1:0,2:1,+,0.32,*0.68
744,1:0,1:0,,*0.62,0.38
745,1:0,1:0,,*0.58,0.42
746,1:0,2:1,+,0.46,*0.54
747,1:0,1:0,,*0.8,0.2
748,1:0,2:1,+,0.4,*0.6
749,1:0,2:1,+,0.1,*0.9
750,1:0,2:1,+,0.27,*0.73
751,1:0,1:0,,*0.65,0.35
752,1:0,1:0,,*0.71,0.29
753,1:0,2:1,+,0.38,*0.62
754,1:0,2:1,+,0.25,*0.75
755,1:0,1:0,,*0.64,0.36
756,1:0,1:0,,*0.52,0.48
757,1:0,1:0,,*0.85,0.15
758,1:0,1:0,,*0.5,0.5
759,1:0,1:0,,*0.58,0.42
760,1:0,2:1,+,0.35,*0.65
761,1:0,1:0,,*0.5,0.5
762,1:0,1:0,,*0.9,0.1
763,1:0,2:1,+,0.39,*0.61
764,1:0,1:0,,*0.87,0.13
765,1:0,1:0,,*0.73,0.27
766,1:0,2:1,+,0.12,*0.88
767,1:0,1:0,,*0.6,0.4
768,1:0,1:0,,*0.5,0.5
769,1:0,1:0,,*0.77,0.23
770,1:0,2:1,+,0.35,*0.65
771,1:0,2:1,+,0.39,*0.61
772,1:0,1:0,,*0.55,0.45
773,1:0,2:1,+,0.42,*0.58
774,1:0,2:1,+,0.48,*0.52
775,1:0,1:0,,*0.53,0.47
776,1:0,1:0,,*0.58,0.42
777,1:0,1:0,,*0.67,0.33
778,1:0,2:1,+,0.15,*0.85
779,1:0,2:1,+,0.28,*0.72
780,1:0,1:0,,*0.86,0.14
781,1:0,2:1,+,0.45,*0.55
782,1:0,1:0,,*0.93,0.07
783,1:0,1:0,,*0.81,0.19
784,1:0,2:1,+,0.43,*0.57
785,1:0,1:0,,*0.51,0.49
786,1:0,1:0,,*0.67,0.33
787,1:0,2:1,+,0.13,*0.87
788,1:0,2:1,+,0.24,*0.76
789,1:0,2:1,+,0.45,*0.55
790,1:0,1:0,,*0.67,0.33
791,1:0,2:1,+,0.48,*0.52
792,1:0,2:1,+,0.23,*0.77
793,1:0,1:0,,*0.67,0.33
794,1:0,1:0,,*0.64,0.36
795,1:0,1:0,,*0.5,0.5
796,1:0,1:0,,*0.5,0.5
797,1:0,2:1,+,0.08,*0.92
798,1:0,1:0,,*0.85,0.15
799,1:0,1:0,,*0.55,0.45
800,1:0,2:1,+,0.17,*0.83
801,1:0,2:1,+,0.47,*0.53
802,1:0,2:1,+,0.07,*0.93
803,1:0,2:1,+,0.34,*0.66
804,1:0,2:1,+,0.1,*0.9
805,1:0,1:0,,*0.56,0.44
806,1:0,2:1,+,0.35,*0.65
807,1:0,2:1,+,0.45,*0.55
808,1:0,1:0,,*0.85,0.15
809,1:0,2:1,+,0.48,*0.52
810,1:0,1:0,,*0.52,0.48
811,1:0,1:0,,*0.66,0.34
812,1:0,1:0,,*0.53,0.47
813,1:0,1:0,,*0.6,0.4
814,1:0,2:1,+,0.45,*0.55
815,1:0,2:1,+,0.43,*0.57
816,1:0,2:1,+,0.45,*0.55
817,1:0,1:0,,*0.57,0.43
818,1:0,1:0,,*0.51,0.49
819,1:0,1:0,,*0.61,0.39
820,1:0,1:0,,*0.58,0.42
821,1:0,1:0,,*0.51,0.49
822,1:0,1:0,,*0.63,0.37
823,1:0,1:0,,*0.6,0.4
824,1:0,1:0,,*0.76,0.24
825,1:0,1:0,,*0.62,0.38
826,1:0,1:0,,*0.5,0.5
827,1:0,1:0,,*0.5,0.5
828,1:0,2:1,+,0.31,*0.69
829,1:0,1:0,,*0.87,0.13
830,1:0,1:0,,*0.57,0.43
831,1:0,2:1,+,0.31,*0.69
832,1:0,2:1,+,0.48,*0.52
833,1:0,1:0,,*0.5,0.5
834,1:0,2:1,+,0.3,*0.7
835,1:0,1:0,,*0.54,0.46
836,1:0,2:1,+,0.38,*0.62
837,1:0,1:0,,*0.77,0.23
838,1:0,1:0,,*0.54,0.46
839,1:0,2:1,+,0.46,*0.54
840,1:0,2:1,+,0.35,*0.65
841,1:0,1:0,,*0.53,0.47
842,1:0,1:0,,*0.59,0.41
843,1:0,1:0,,*0.87,0.13
844,1:0,1:0,,*0.69,0.31
845,1:0,2:1,+,0.14,*0.86
846,1:0,2:1,+,0.42,*0.58
847,1:0,1:0,,*0.6,0.4
848,1:0,1:0,,*0.55,0.45
849,1:0,1:0,,*0.55,0.45
850,1:0,1:0,,*0.59,0.41
851,1:0,1:0,,*0.78,0.22
852,1:0,2:1,+,0.45,*0.55
853,1:0,1:0,,*0.5,0.5
854,1:0,1:0,,*0.58,0.42
855,1:0,2:1,+,0.16,*0.84
856,1:0,2:1,+,0.19,*0.81
857,1:0,1:0,,*0.87,0.13
858,1:0,2:1,+,0.28,*0.72
859,1:0,2:1,+,0.46,*0.54
860,1:0,2:1,+,0.45,*0.55
861,1:0,1:0,,*0.81,0.19
862,1:0,1:0,,*0.82,0.18
863,1:0,2:1,+,0.19,*0.81
864,1:0,1:0,,*0.65,0.35
865,1:0,2:1,+,0.47,*0.53
866,1:0,2:1,+,0.31,*0.69
867,1:0,1:0,,*0.62,0.38
868,1:0,1:0,,*0.56,0.44
869,1:0,1:0,,*0.56,0.44
870,1:0,1:0,,*0.54,0.46
871,1:0,2:1,+,0.48,*0.52
872,1:0,2:1,+,0.4,*0.6
873,1:0,1:0,,*0.51,0.49
874,1:0,1:0,,*0.52,0.48
875,1:0,1:0,,*0.74,0.26
876,1:0,1:0,,*0.58,0.42
877,1:0,1:0,,*0.82,0.18
878,1:0,1:0,,*0.55,0.45
879,1:0,2:1,+,0.44,*0.56
880,1:0,2:1,+,0.34,*0.66
881,1:0,1:0,,*0.58,0.42
882,1:0,1:0,,*0.58,0.42
883,1:0,1:0,,*0.52,0.48
884,1:0,2:1,+,0.1,*0.9
885,1:0,1:0,,*0.54,0.46
886,1:0,1:0,,*0.55,0.45
887,1:0,1:0,,*0.55,0.45
888,1:0,1:0,,*0.67,0.33
889,1:0,1:0,,*0.6,0.4
890,1:0,1:0,,*0.8,0.2
891,1:0,1:0,,*0.77,0.23
892,1:0,2:1,+,0.39,*0.61
893,1:0,2:1,+,0.31,*0.69
894,1:0,1:0,,*0.57,0.43
895,1:0,2:1,+,0.44,*0.56
896,1:0,2:1,+,0.41,*0.59
897,1:0,2:1,+,0.07,*0.93
898,1:0,2:1,+,0.24,*0.76
899,1:0,1:0,,*0.63,0.37
900,1:0,1:0,,*0.66,0.34
901,1:0,2:1,+,0.26,*0.74
902,1:0,1:0,,*0.61,0.39
903,1:0,2:1,+,0.48,*0.52
904,1:0,1:0,,*0.65,0.35
905,1:0,1:0,,*0.55,0.45
906,1:0,1:0,,*0.59,0.41
907,1:0,2:1,+,0.44,*0.56
908,1:0,2:1,+,0.4,*0.6
909,1:0,2:1,+,0.26,*0.74
910,1:0,2:1,+,0.41,*0.59
911,1:0,1:0,,*0.5,0.5
912,1:0,2:1,+,0.39,*0.61
913,1:0,1:0,,*0.52,0.48
914,1:0,2:1,+,0.33,*0.67
915,1:0,1:0,,*0.64,0.36
916,1:0,1:0,,*0.63,0.37
917,1:0,1:0,,*0.55,0.45
918,1:0,2:1,+,0.38,*0.62
919,1:0,2:1,+,0.2,*0.8
920,1:0,1:0,,*0.6,0.4
921,1:0,2:1,+,0.43,*0.57
922,1:0,1:0,,*0.64,0.36
923,1:0,2:1,+,0.36,*0.64
924,1:0,1:0,,*0.64,0.36
925,1:0,1:0,,*0.57,0.43
926,1:0,1:0,,*0.65,0.35
927,1:0,1:0,,*0.53,0.47
928,1:0,1:0,,*0.56,0.44
929,1:0,2:1,+,0.47,*0.53
930,1:0,1:0,,*0.9,0.1
931,1:0,1:0,,*0.62,0.38
932,1:0,1:0,,*0.57,0.43
933,1:0,1:0,,*0.54,0.46
934,1:0,1:0,,*0.54,0.46
935,1:0,2:1,+,0.34,*0.66
936,1:0,1:0,,*0.77,0.23
937,1:0,2:1,+,0.29,*0.71
938,1:0,2:1,+,0.34,*0.66
939,1:0,2:1,+,0.38,*0.62
940,1:0,2:1,+,0.16,*0.84
941,1:0,1:0,,*0.78,0.22
942,1:0,1:0,,*0.54,0.46
943,1:0,1:0,,*0.62,0.38
944,1:0,1:0,,*0.6,0.4
945,1:0,1:0,,*0.51,0.49
946,1:0,1:0,,*0.55,0.45
947,1:0,2:1,+,0.41,*0.59
948,1:0,1:0,,*0.54,0.46
949,1:0,2:1,+,0.49,*0.51
950,1:0,1:0,,*0.56,0.44
951,1:0,2:1,+,0.15,*0.85
952,1:0,1:0,,*0.56,0.44
953,1:0,2:1,+,0.22,*0.78
954,1:0,2:1,+,0.43,*0.57
955,1:0,2:1,+,0.24,*0.76
956,1:0,2:1,+,0.42,*0.58
957,1:0,1:0,,*0.58,0.42
958,1:0,1:0,,*0.53,0.47
959,1:0,1:0,,*0.82,0.18
960,1:0,1:0,,*0.59,0.41
961,1:0,2:1,+,0.43,*0.57
962,1:0,1:0,,*0.63,0.37
963,1:0,2:1,+,0.12,*0.88
964,1:0,2:1,+,0.46,*0.54
965,1:0,2:1,+,0.09,*0.91
966,1:0,1:0,,*0.63,0.37
967,1:0,2:1,+,0.33,*0.67
968,1:0,1:0,,*0.56,0.44
969,1:0,1:0,,*0.56,0.44
970,1:0,2:1,+,0.47,*0.53
971,1:0,2:1,+,0.2,*0.8
972,1:0,1:0,,*0.83,0.17
973,1:0,2:1,+,0.43,*0.57
974,1:0,2:1,+,0.15,*0.85
975,1:0,2:1,+,0.2,*0.8
976,1:0,1:0,,*0.8,0.2
977,1:0,2:1,+,0.49,*0.51
978,1:0,1:0,,*0.52,0.48
979,1:0,2:1,+,0.47,*0.53
980,1:0,2:1,+,0.11,*0.89
981,1:0,2:1,+,0.34,*0.66
982,1:0,1:0,,*0.63,0.37
983,1:0,1:0,,*0.59,0.41
984,1:0,2:1,+,0.35,*0.65
985,1:0,1:0,,*0.82,0.18
986,1:0,1:0,,*0.81,0.19
987,1:0,1:0,,*0.5,0.5
988,1:0,1:0,,*0.55,0.45
989,1:0,2:1,+,0.37,*0.63
990,1:0,1:0,,*0.65,0.35
991,1:0,1:0,,*0.83,0.17
992,1:0,1:0,,*0.63,0.37
993,1:0,2:1,+,0.12,*0.88
994,1:0,2:1,+,0.33,*0.67
995,1:0,1:0,,*0.5,0.5
996,1:0,1:0,,*0.54,0.46
997,1:0,2:1,+,0.14,*0.86
998,1:0,1:0,,*0.58,0.42
999,1:0,1:0,,*0.52,0.48
1000,1:0,2:1,+,0.34,*0.66
1001,1:0,2:1,+,0.41,*0.59
1002,1:0,2:1,+,0.3,*0.7
1003,1:0,1:0,,*0.54,0.46
1004,1:0,1:0,,*0.57,0.43
1005,1:0,1:0,,*0.55,0.45
1006,1:0,1:0,,*0.65,0.35
1007,1:0,1:0,,*0.6,0.4
1008,1:0,2:1,+,0.22,*0.78
1009,1:0,2:1,+,0.3,*0.7
1010,1:0,1:0,,*0.75,0.25
1011,1:0,2:1,+,0.36,*0.64
1012,1:0,2:1,+,0.39,*0.61
1013,1:0,2:1,+,0.45,*0.55
1014,1:0,2:1,+,0.25,*0.75
1015,1:0,1:0,,*0.82,0.18
1016,1:0,1:0,,*0.55,0.45
1017,1:0,1:0,,*0.59,0.41
1018,1:0,2:1,+,0.42,*0.58
1019,1:0,2:1,+,0.49,*0.51
1020,1:0,2:1,+,0.16,*0.84
1021,1:0,2:1,+,0.23,*0.77
1022,1:0,1:0,,*0.88,0.12
1023,1:0,1:0,,*0.85,0.15
1024,1:0,1:0,,*0.7,0.3
1025,1:0,1:0,,*0.5,0.5
1026,1:0,2:1,+,0.22,*0.78
1027,1:0,2:1,+,0.34,*0.66
1028,1:0,2:1,+,0.17,*0.83
1029,1:0,1:0,,*0.61,0.39
1030,1:0,1:0,,*0.75,0.25
1031,1:0,1:0,,*0.64,0.36
1032,1:0,2:1,+,0.49,*0.51
1033,1:0,1:0,,*0.82,0.18
1034,1:0,1:0,,*0.64,0.36
1035,1:0,1:0,,*0.65,0.35
1036,1:0,1:0,,*0.54,0.46
1037,1:0,1:0,,*0.61,0.39
1038,1:0,1:0,,*0.6,0.4
1039,1:0,1:0,,*0.81,0.19
1040,1:0,1:0,,*0.64,0.36
1041,1:0,2:1,+,0.48,*0.52
1042,1:0,1:0,,*0.52,0.48
1043,1:0,2:1,+,0.47,*0.53
1044,1:0,1:0,,*0.51,0.49
1045,1:0,1:0,,*0.51,0.49
1046,1:0,2:1,+,0.42,*0.58
1047,1:0,1:0,,*0.58,0.42
1048,1:0,1:0,,*0.62,0.38
1049,1:0,2:1,+,0.26,*0.74
1050,1:0,1:0,,*0.67,0.33
1051,1:0,1:0,,*0.61,0.39
1052,1:0,2:1,+,0.3,*0.7
1053,1:0,2:1,+,0.44,*0.56
1054,1:0,1:0,,*0.56,0.44
1055,1:0,2:1,+,0.2,*0.8
1056,1:0,2:1,+,0.39,*0.61
1057,1:0,2:1,+,0.08,*0.92
1058,1:0,1:0,,*0.54,0.46
1059,1:0,1:0,,*0.56,0.44
1060,1:0,2:1,+,0.19,*0.81
1061,1:0,2:1,+,0.4,*0.6
1062,1:0,2:1,+,0.29,*0.71
1063,1:0,1:0,,*0.55,0.45
1064,1:0,1:0,,*0.52,0.48
1065,1:0,1:0,,*0.53,0.47
1066,1:0,2:1,+,0.21,*0.79
1067,1:0,1:0,,*0.81,0.19
1068,1:0,1:0,,*0.55,0.45
1069,1:0,2:1,+,0.13,*0.87
1070,1:0,2:1,+,0.12,*0.88
1071,1:0,1:0,,*0.65,0.35
1072,1:0,2:1,+,0.36,*0.64
1073,1:0,1:0,,*0.74,0.26
1074,1:0,1:0,,*0.86,0.14
1075,1:0,2:1,+,0.19,*0.81
1076,1:0,1:0,,*0.81,0.19
1077,1:0,1:0,,*0.75,0.25
1078,1:0,1:0,,*0.63,0.37
1079,1:0,1:0,,*0.53,0.47
1080,1:0,1:0,,*0.55,0.45
1081,1:0,1:0,,*0.51,0.49
1082,1:0,1:0,,*0.52,0.48
1083,1:0,2:1,+,0.39,*0.61
1084,1:0,1:0,,*0.81,0.19
1085,1:0,1:0,,*0.55,0.45
1086,1:0,1:0,,*0.61,0.39
1087,1:0,1:0,,*0.55,0.45
1088,1:0,1:0,,*0.67,0.33
1089,1:0,1:0,,*0.56,0.44
1090,1:0,2:1,+,0.14,*0.86
1091,1:0,1:0,,*0.67,0.33
1092,1:0,1:0,,*0.8,0.2
1093,1:0,2:1,+,0.4,*0.6
1094,1:0,2:1,+,0.46,*0.54
1095,1:0,1:0,,*0.5,0.5
1096,1:0,2:1,+,0.32,*0.68
1097,1:0,1:0,,*0.58,0.42
1098,1:0,1:0,,*0.53,0.47
1099,1:0,2:1,+,0.32,*0.68
1100,1:0,1:0,,*0.61,0.39
1101,1:0,2:1,+,0.16,*0.84
1102,1:0,2:1,+,0.46,*0.54
1103,1:0,1:0,,*0.53,0.47
1104,1:0,1:0,,*0.51,0.49
1105,1:0,1:0,,*0.6,0.4
1106,1:0,1:0,,*0.61,0.39
1107,1:0,2:1,+,0.08,*0.92
1108,1:0,1:0,,*0.9,0.1
1109,1:0,2:1,+,0.4,*0.6
1110,1:0,1:0,,*0.63,0.37
1111,1:0,1:0,,*0.64,0.36
1112,1:0,2:1,+,0.08,*0.92
1113,1:0,1:0,,*0.51,0.49
1114,1:0,1:0,,*0.76,0.24
1115,1:0,1:0,,*0.5,0.5
1116,1:0,2:1,+,0.2,*0.8
1117,1:0,2:1,+,0.47,*0.53
1118,1:0,1:0,,*0.57,0.43
1119,1:0,2:1,+,0.46,*0.54
1120,1:0,1:0,,*0.6,0.4
1121,1:0,2:1,+,0.41,*0.59
1122,1:0,1:0,,*0.8,0.2
1123,1:0,1:0,,*0.79,0.21
1124,1:0,2:1,+,0.42,*0.58
1125,1:0,1:0,,*0.61,0.39
1126,1:0,1:0,,*0.86,0.14
1127,1:0,1:0,,*0.78,0.22
1128,1:0,1:0,,*0.6,0.4
1129,1:0,2:1,+,0.37,*0.63
1130,1:0,1:0,,*0.51,0.49
1131,1:0,1:0,,*0.56,0.44
1132,1:0,2:1,+,0.46,*0.54
1133,1:0,1:0,,*0.54,0.46
1134,1:0,1:0,,*0.63,0.37
1135,1:0,1:0,,*0.67,0.33
1136,1:0,1:0,,*0.51,0.49
1137,1:0,2:1,+,0.29,*0.71
1138,1:0,2:1,+,0.44,*0.56
1139,1:0,1:0,,*0.58,0.42
1140,1:0,1:0,,*0.83,0.17
1141,1:0,1:0,,*0.58,0.42
1142,1:0,2:1,+,0.28,*0.72
1143,1:0,2:1,+,0.26,*0.74
1144,1:0,2:1,+,0.43,*0.57
1145,1:0,2:1,+,0.21,*0.79
1146,1:0,1:0,,*0.54,0.46
1147,1:0,1:0,,*0.86,0.14
1148,1:0,2:1,+,0.45,*0.55
1149,1:0,1:0,,*0.63,0.37
1150,1:0,2:1,+,0.39,*0.61
1151,1:0,1:0,,*0.67,0.33
1152,1:0,1:0,,*0.51,0.49
1153,1:0,2:1,+,0.36,*0.64
1154,1:0,1:0,,*0.64,0.36
1155,1:0,2:1,+,0.34,*0.66
1156,1:0,1:0,,*0.55,0.45
1157,1:0,1:0,,*0.56,0.44
1158,1:0,1:0,,*0.53,0.47
1159,1:0,2:1,+,0.13,*0.87
1160,1:0,1:0,,*0.54,0.46
1161,1:0,1:0,,*0.58,0.42
1162,1:0,1:0,,*0.66,0.34
1163,1:0,1:0,,*0.85,0.15
1164,1:0,2:1,+,0.22,*0.78
1165,1:0,2:1,+,0.27,*0.73
1166,1:0,2:1,+,0.45,*0.55
1167,1:0,2:1,+,0.44,*0.56
1168,1:0,1:0,,*0.52,0.48
1169,1:0,2:1,+,0.11,*0.89
1170,1:0,2:1,+,0.45,*0.55
1171,1:0,2:1,+,0.48,*0.52
1172,1:0,1:0,,*0.83,0.17
1173,1:0,2:1,+,0.37,*0.63
1174,1:0,1:0,,*0.68,0.32
1175,1:0,1:0,,*0.58,0.42
1176,1:0,2:1,+,0.24,*0.76
1177,1:0,2:1,+,0.38,*0.62
1178,1:0,1:0,,*0.54,0.46
1179,1:0,1:0,,*0.7,0.3
1180,1:0,1:0,,*0.8,0.2
1181,1:0,2:1,+,0.37,*0.63
1182,1:0,1:0,,*0.62,0.38
1183,1:0,1:0,,*0.6,0.4
1184,1:0,2:1,+,0.48,*0.52
1185,1:0,2:1,+,0.21,*0.79
1186,1:0,2:1,+,0.31,*0.69
1187,1:0,1:0,,*0.52,0.48
1188,1:0,2:1,+,0.47,*0.53
1189,1:0,1:0,,*0.66,0.34
1190,1:0,2:1,+,0.43,*0.57
1191,1:0,2:1,+,0.39,*0.61
1192,1:0,1:0,,*0.51,0.49
1193,1:0,2:1,+,0.22,*0.78
1194,1:0,2:1,+,0.48,*0.52
1195,1:0,2:1,+,0.14,*0.86
1196,1:0,2:1,+,0.15,*0.85
1197,1:0,1:0,,*0.55,0.45
1198,1:0,2:1,+,0.13,*0.87
1199,1:0,1:0,,*0.55,0.45
1200,1:0,2:1,+,0.21,*0.79
1201,1:0,2:1,+,0.06,*0.94
1202,1:0,1:0,,*0.57,0.43
1203,1:0,1:0,,*0.58,0.42
1204,1:0,1:0,,*0.7,0.3
1205,1:0,1:0,,*0.54,0.46
1206,1:0,2:1,+,0.26,*0.74
1207,1:0,2:1,+,0.27,*0.73
1208,1:0,1:0,,*0.53,0.47
1209,1:0,1:0,,*0.59,0.41
1210,1:0,2:1,+,0.34,*0.66
1211,1:0,2:1,+,0.22,*0.78
1212,1:0,1:0,,*0.6,0.4
1213,1:0,2:1,+,0.35,*0.65
1214,1:0,1:0,,*0.5,0.5
1215,1:0,1:0,,*0.54,0.46
1216,1:0,2:1,+,0.43,*0.57
1217,1:0,2:1,+,0.45,*0.55
1218,1:0,1:0,,*0.56,0.44
1219,1:0,1:0,,*0.53,0.47
1220,1:0,2:1,+,0.48,*0.52
1221,1:0,1:0,,*0.82,0.18
1222,1:0,2:1,+,0.37,*0.63
1223,1:0,1:0,,*0.74,0.26
1224,1:0,1:0,,*0.83,0.17
1225,1:0,2:1,+,0.4,*0.6
1226,1:0,1:0,,*0.62,0.38
1227,1:0,1:0,,*0.59,0.41
1228,1:0,2:1,+,0.49,*0.51
1229,1:0,1:0,,*0.51,0.49
1230,1:0,2:1,+,0.41,*0.59
1231,1:0,1:0,,*0.52,0.48
1232,1:0,1:0,,*0.87,0.13
1233,1:0,2:1,+,0.27,*0.73
1234,1:0,1:0,,*0.82,0.18
1235,1:0,2:1,+,0.27,*0.73
1236,1:0,1:0,,*0.85,0.15
1237,1:0,2:1,+,0.47,*0.53
1238,1:0,2:1,+,0.34,*0.66
1239,1:0,1:0,,*0.74,0.26
1240,1:0,1:0,,*0.87,0.13
1241,1:0,2:1,+,0.32,*0.68
1242,1:0,1:0,,*0.7,0.3
1243,1:0,2:1,+,0.49,*0.51
1244,1:0,1:0,,*0.59,0.41
1245,1:0,2:1,+,0.35,*0.65
1246,1:0,2:1,+,0.34,*0.66
1247,1:0,2:1,+,0.21,*0.79
1248,1:0,1:0,,*0.57,0.43
1249,1:0,2:1,+,0.12,*0.88
1250,1:0,2:1,+,0.45,*0.55
1251,1:0,2:1,+,0.44,*0.56
1252,1:0,1:0,,*0.69,0.31
1253,1:0,2:1,+,0.45,*0.55
1254,1:0,2:1,+,0.46,*0.54
1255,1:0,1:0,,*0.57,0.43
1256,1:0,1:0,,*0.55,0.45
1257,1:0,2:1,+,0.4,*0.6
1258,1:0,1:0,,*0.57,0.43
1259,1:0,1:0,,*0.85,0.15
1260,1:0,1:0,,*0.62,0.38
1261,1:0,1:0,,*0.52,0.48
1262,1:0,1:0,,*0.57,0.43
1263,1:0,1:0,,*0.73,0.27
1264,1:0,1:0,,*0.62,0.38
1265,1:0,2:1,+,0.45,*0.55
1266,1:0,1:0,,*0.64,0.36
1267,1:0,1:0,,*0.64,0.36
1268,1:0,2:1,+,0.21,*0.79
1269,1:0,2:1,+,0.25,*0.75
1270,1:0,1:0,,*0.58,0.42
1271,1:0,1:0,,*0.58,0.42
1272,1:0,1:0,,*0.58,0.42
1273,1:0,1:0,,*0.58,0.42
1274,1:0,2:1,+,0.36,*0.64
1275,1:0,1:0,,*0.53,0.47
1276,1:0,2:1,+,0.26,*0.74
1277,1:0,2:1,+,0.24,*0.76
1278,1:0,1:0,,*0.67,0.33
1279,1:0,1:0,,*0.57,0.43
1280,1:0,1:0,,*0.53,0.47
1281,1:0,2:1,+,0.38,*0.62
1282,1:0,2:1,+,0.37,*0.63
1283,1:0,1:0,,*0.59,0.41
1284,1:0,2:1,+,0.19,*0.81
1285,1:0,1:0,,*0.74,0.26
1286,1:0,1:0,,*0.56,0.44
1287,1:0,1:0,,*0.62,0.38
1288,1:0,2:1,+,0.24,*0.76
1289,1:0,1:0,,*0.84,0.16
1290,1:0,2:1,+,0.36,*0.64
1291,1:0,2:1,+,0.44,*0.56
1292,1:0,2:1,+,0.29,*0.71
1293,1:0,1:0,,*0.6,0.4
1294,1:0,1:0,,*0.55,0.45
1295,1:0,2:1,+,0.42,*0.58
1296,1:0,1:0,,*0.6,0.4
1297,1:0,1:0,,*0.53,0.47
1298,1:0,2:1,+,0.26,*0.74
1299,1:0,1:0,,*0.63,0.37
1300,1:0,1:0,,*0.77,0.23
1301,1:0,1:0,,*0.8,0.2
1302,1:0,2:1,+,0.39,*0.61
1303,1:0,2:1,+,0.19,*0.81
1304,1:0,2:1,+,0.31,*0.69
1305,1:0,2:1,+,0.22,*0.78
1306,1:0,1:0,,*0.86,0.14
1307,1:0,2:1,+,0.41,*0.59
1308,1:0,1:0,,*0.84,0.16
1309,1:0,2:1,+,0.34,*0.66
1310,1:0,1:0,,*0.5,0.5
1311,1:0,1:0,,*0.62,0.38
1312,1:0,2:1,+,0.43,*0.57
1313,1:0,1:0,,*0.55,0.45
1314,1:0,2:1,+,0.3,*0.7
1315,1:0,2:1,+,0.48,*0.52
1316,1:0,1:0,,*0.86,0.14
1317,1:0,1:0,,*0.58,0.42
1318,1:0,1:0,,*0.54,0.46
1319,1:0,2:1,+,0.3,*0.7
1320,1:0,2:1,+,0.37,*0.63
1321,1:0,1:0,,*0.78,0.22
1322,1:0,2:1,+,0.12,*0.88
1323,1:0,2:1,+,0.41,*0.59
1324,1:0,1:0,,*0.54,0.46
1325,1:0,2:1,+,0.17,*0.83
1326,1:0,1:0,,*0.58,0.42
1327,1:0,1:0,,*0.68,0.32
1328,1:0,1:0,,*0.75,0.25
1329,1:0,1:0,,*0.62,0.38
1330,1:0,2:1,+,0.46,*0.54
1331,1:0,2:1,+,0.33,*0.67
1332,1:0,1:0,,*0.73,0.27
1333,1:0,1:0,,*0.67,0.33
1334,1:0,2:1,+,0.45,*0.55
1335,1:0,2:1,+,0.18,*0.82
1336,1:0,1:0,,*0.55,0.45
1337,1:0,2:1,+,0.45,*0.55
1338,1:0,1:0,,*0.55,0.45
1339,1:0,1:0,,*0.87,0.13
1340,1:0,1:0,,*0.86,0.14
1341,1:0,1:0,,*0.6,0.4
1342,1:0,1:0,,*0.84,0.16
1343,1:0,2:1,+,0.25,*0.75
1344,1:0,2:1,+,0.44,*0.56
1345,1:0,2:1,+,0.16,*0.84
1346,1:0,2:1,+,0.47,*0.53
1347,1:0,1:0,,*0.67,0.33
1348,1:0,2:1,+,0.26,*0.74
1349,1:0,1:0,,*0.62,0.38
1350,1:0,2:1,+,0.15,*0.85
1351,1:0,1:0,,*0.82,0.18
1352,1:0,1:0,,*0.64,0.36
1353,1:0,1:0,,*0.55,0.45
1354,1:0,1:0,,*0.85,0.15
1355,1:0,2:1,+,0.47,*0.53
1356,1:0,2:1,+,0.2,*0.8
1357,1:0,2:1,+,0.35,*0.65
1358,1:0,2:1,+,0.32,*0.68
1359,1:0,1:0,,*0.67,0.33
1360,1:0,1:0,,*0.66,0.34
1361,1:0,1:0,,*0.55,0.45
1362,1:0,2:1,+,0.4,*0.6
1363,1:0,1:0,,*0.7,0.3
1364,1:0,1:0,,*0.92,0.08
1365,1:0,2:1,+,0.45,*0.55
1366,1:0,2:1,+,0.35,*0.65
1367,1:0,2:1,+,0.49,*0.51
1368,1:0,2:1,+,0.26,*0.74
1369,1:0,2:1,+,0.49,*0.51
1370,1:0,2:1,+,0.49,*0.51
1371,1:0,1:0,,*0.56,0.44
1372,1:0,1:0,,*0.7,0.3
1373,1:0,2:1,+,0.1,*0.9
1374,1:0,2:1,+,0.41,*0.59
1375,1:0,1:0,,*0.58,0.42
1376,1:0,2:1,+,0.31,*0.69
1377,1:0,2:1,+,0.49,*0.51
1378,1:0,1:0,,*0.56,0.44
1379,1:0,2:1,+,0.37,*0.63
1380,1:0,2:1,+,0.35,*0.65
1381,1:0,1:0,,*0.84,0.16
1382,1:0,1:0,,*0.91,0.09
1383,1:0,2:1,+,0.48,*0.52
1384,1:0,2:1,+,0.44,*0.56
1385,1:0,2:1,+,0.16,*0.84
1386,1:0,2:1,+,0.48,*0.52
1387,1:0,2:1,+,0.34,*0.66
1388,1:0,2:1,+,0.16,*0.84
1389,1:0,1:0,,*0.65,0.35
1390,1:0,1:0,,*0.82,0.18
1391,1:0,1:0,,*0.72,0.28
1392,1:0,1:0,,*0.85,0.15
1393,1:0,2:1,+,0.32,*0.68
1394,1:0,2:1,+,0.48,*0.52
1395,1:0,1:0,,*0.63,0.37
1396,1:0,2:1,+,0.21,*0.79
1397,1:0,2:1,+,0.21,*0.79
1398,1:0,2:1,+,0.44,*0.56
1399,1:0,1:0,,*0.6,0.4
1400,1:0,2:1,+,0.31,*0.69
1401,1:0,2:1,+,0.1,*0.9
1402,1:0,1:0,,*0.57,0.43
1403,1:0,2:1,+,0.49,*0.51
1404,1:0,2:1,+,0.16,*0.84
1405,1:0,2:1,+,0.21,*0.79
1406,1:0,2:1,+,0.47,*0.53
1407,1:0,2:1,+,0.35,*0.65
1408,1:0,1:0,,*0.57,0.43
1409,1:0,1:0,,*0.57,0.43
1410,1:0,2:1,+,0.12,*0.88
1411,1:0,1:0,,*0.57,0.43
1412,1:0,1:0,,*0.53,0.47
1413,1:0,2:1,+,0.24,*0.76
1414,1:0,1:0,,*0.52,0.48
1415,1:0,1:0,,*0.7,0.3
1416,1:0,2:1,+,0.44,*0.56
1417,1:0,2:1,+,0.4,*0.6
1418,1:0,1:0,,*0.62,0.38
1419,1:0,1:0,,*0.51,0.49
1420,1:0,2:1,+,0.32,*0.68
1421,1:0,2:1,+,0.11,*0.89
1422,1:0,1:0,,*0.64,0.36
1423,1:0,1:0,,*0.52,0.48
1424,1:0,2:1,+,0.49,*0.51
1425,1:0,1:0,,*0.58,0.42
1426,1:0,2:1,+,0.49,*0.51
1427,1:0,1:0,,*0.62,0.38
1428,1:0,1:0,,*0.5,0.5
1429,1:0,2:1,+,0.48,*0.52
1430,1:0,1:0,,*0.57,0.43
1431,1:0,2:1,+,0.39,*0.61
1432,1:0,1:0,,*0.53,0.47
1433,1:0,1:0,,*0.55,0.45
1434,1:0,1:0,,*0.54,0.46
1435,1:0,2:1,+,0.11,*0.89
1436,1:0,1:0,,*0.5,0.5
1437,1:0,1:0,,*0.52,0.48
1438,1:0,1:0,,*0.58,0.42
1439,1:0,1:0,,*0.51,0.49
1440,1:0,1:0,,*0.8,0.2
1441,1:0,1:0,,*0.53,0.47
1442,1:0,1:0,,*0.52,0.48
1443,1:0,1:0,,*0.63,0.37
1444,1:0,2:1,+,0.32,*0.68
1445,1:0,1:0,,*0.64,0.36
1446,1:0,1:0,,*0.56,0.44
1447,1:0,1:0,,*0.51,0.49
1448,1:0,1:0,,*0.76,0.24
1449,1:0,2:1,+,0.39,*0.61
1450,1:0,2:1,+,0.35,*0.65
1451,1:0,1:0,,*0.5,0.5
1452,1:0,2:1,+,0.39,*0.61
1453,1:0,2:1,+,0.4,*0.6
1454,1:0,1:0,,*0.6,0.4
1455,1:0,2:1,+,0.44,*0.56
1456,1:0,1:0,,*0.91,0.09
1457,1:0,2:1,+,0.4,*0.6
1458,1:0,2:1,+,0.14,*0.86
1459,1:0,1:0,,*0.56,0.44
1460,1:0,1:0,,*0.65,0.35
1461,1:0,2:1,+,0.41,*0.59
1462,1:0,1:0,,*0.58,0.42
1463,1:0,2:1,+,0.38,*0.62
1464,1:0,2:1,+,0.44,*0.56
1465,1:0,1:0,,*0.54,0.46
1466,1:0,2:1,+,0.46,*0.54
1467,1:0,2:1,+,0.17,*0.83
1468,1:0,1:0,,*0.85,0.15
1469,1:0,2:1,+,0.42,*0.58
1470,1:0,2:1,+,0.25,*0.75
1471,1:0,2:1,+,0.15,*0.85
1472,1:0,2:1,+,0.27,*0.73
1473,1:0,1:0,,*0.6,0.4
1474,1:0,1:0,,*0.53,0.47
1475,1:0,1:0,,*0.54,0.46
1476,1:0,1:0,,*0.54,0.46
1477,1:0,1:0,,*0.58,0.42
1478,1:0,2:1,+,0.49,*0.51
1479,1:0,2:1,+,0.32,*0.68
1480,1:0,1:0,,*0.85,0.15
1481,1:0,1:0,,*0.89,0.11
1482,1:0,1:0,,*0.57,0.43
1483,1:0,1:0,,*0.53,0.47
1484,1:0,2:1,+,0.35,*0.65
1485,1:0,2:1,+,0.09,*0.91
1486,1:0,2:1,+,0.33,*0.67
1487,1:0,2:1,+,0.4,*0.6
1488,1:0,2:1,+,0.29,*0.71
1489,1:0,1:0,,*0.52,0.48
1490,1:0,2:1,+,0.4,*0.6
1491,1:0,1:0,,*0.59,0.41
1492,1:0,2:1,+,0.35,*0.65
1493,1:0,2:1,+,0.47,*0.53
1494,1:0,1:0,,*0.91,0.09
1495,1:0,2:1,+,0.41,*0.59
1496,1:0,1:0,,*0.63,0.37
1497,1:0,2:1,+,0.47,*0.53
1498,1:0,1:0,,*0.71,0.29
1499,1:0,1:0,,*0.52,0.48
1500,1:0,2:1,+,0.4,*0.6
1501,1:0,2:1,+,0.37,*0.63
1502,1:0,2:1,+,0.28,*0.72
1503,1:0,1:0,,*0.64,0.36
1504,1:0,2:1,+,0.15,*0.85
1505,1:0,1:0,,*0.62,0.38
1506,1:0,2:1,+,0.42,*0.58
1507,1:0,1:0,,*0.66,0.34
1508,1:0,1:0,,*0.51,0.49
1509,1:0,1:0,,*0.54,0.46
1510,1:0,1:0,,*0.52,0.48
1511,1:0,1:0,,*0.5,0.5
1512,1:0,1:0,,*0.66,0.34
1513,1:0,2:1,+,0.15,*0.85
1514,1:0,1:0,,*0.74,0.26
1515,1:0,2:1,+,0.46,*0.54
1516,1:0,1:0,,*0.51,0.49
1517,1:0,1:0,,*0.56,0.44
1518,1:0,1:0,,*0.69,0.31
1519,1:0,1:0,,*0.79,0.21
1520,1:0,1:0,,*0.58,0.42
1521,1:0,1:0,,*0.86,0.14
1522,1:0,1:0,,*0.55,0.45
1523,1:0,2:1,+,0.48,*0.52
1524,1:0,1:0,,*0.5,0.5
1525,1:0,2:1,+,0.43,*0.57
1526,1:0,2:1,+,0.42,*0.58
1527,1:0,2:1,+,0.4,*0.6
1528,1:0,2:1,+,0.49,*0.51
1529,1:0,2:1,+,0.36,*0.64
1530,1:0,2:1,+,0.46,*0.54
1531,1:0,1:0,,*0.61,0.39
1532,1:0,2:1,+,0.41,*0.59
1533,1:0,2:1,+,0.49,*0.51
1534,1:0,2:1,+,0.27,*0.73
1535,1:0,2:1,+,0.23,*0.77
1536,1:0,1:0,,*0.55,0.45
1537,1:0,1:0,,*0.66,0.34
1538,1:0,1:0,,*0.61,0.39
1539,1:0,1:0,,*0.58,0.42
1540,1:0,2:1,+,0.46,*0.54
1541,1:0,2:1,+,0.42,*0.58
1542,1:0,1:0,,*0.55,0.45
1543,1:0,2:1,+,0.07,*0.93
1544,1:0,1:0,,*0.52,0.48
1545,1:0,2:1,+,0.24,*0.76
1546,1:0,1:0,,*0.63,0.37
1547,1:0,1:0,,*0.62,0.38
1548,1:0,2:1,+,0.44,*0.56
1549,1:0,1:0,,*0.69,0.31
1550,1:0,1:0,,*0.61,0.39
1551,1:0,2:1,+,0.17,*0.83
1552,1:0,2:1,+,0.15,*0.85
1553,1:0,1:0,,*0.71,0.29
1554,1:0,1:0,,*0.51,0.49
1555,1:0,1:0,,*0.71,0.29
1556,1:0,1:0,,*0.56,0.44
1557,1:0,2:1,+,0.48,*0.52
1558,1:0,2:1,+,0.43,*0.57
1559,1:0,2:1,+,0.32,*0.68
1560,1:0,1:0,,*0.52,0.48
1561,1:0,2:1,+,0.35,*0.65
1562,1:0,1:0,,*0.55,0.45
1563,1:0,1:0,,*0.5,0.5
1564,1:0,1:0,,*0.59,0.41
1565,1:0,1:0,,*0.55,0.45
1566,1:0,1:0,,*0.85,0.15
1567,1:0,2:1,+,0.43,*0.57
1568,1:0,2:1,+,0.14,*0.86
1569,1:0,1:0,,*0.53,0.47
1570,1:0,1:0,,*0.54,0.46
1571,1:0,2:1,+,0.29,*0.71
1572,1:0,1:0,,*0.59,0.41
1573,1:0,2:1,+,0.49,*0.51
1574,1:0,1:0,,*0.58,0.42
1575,1:0,2:1,+,0.43,*0.57
1576,1:0,2:1,+,0.47,*0.53
1577,1:0,2:1,+,0.44,*0.56
1578,1:0,1:0,,*0.55,0.45
1579,1:0,1:0,,*0.54,0.46
1580,1:0,2:1,+,0.44,*0.56
1581,1:0,2:1,+,0.42,*0.58
1582,1:0,2:1,+,0.3,*0.7
1583,1:0,1:0,,*0.56,0.44
1584,1:0,1:0,,*0.81,0.19
1585,1:0,2:1,+,0.33,*0.67
1586,1:0,1:0,,*0.62,0.38
1587,1:0,1:0,,*0.55,0.45
1588,1:0,1:0,,*0.56,0.44
1589,1:0,2:1,+,0.4,*0.6
1590,1:0,2:1,+,0.34,*0.66
1591,1:0,2:1,+,0.38,*0.62
1592,1:0,1:0,,*0.57,0.43
1593,1:0,1:0,,*0.6,0.4
1594,1:0,1:0,,*0.52,0.48
1595,1:0,1:0,,*0.56,0.44
1596,1:0,2:1,+,0.49,*0.51
1597,1:0,2:1,+,0.19,*0.81
1598,1:0,1:0,,*0.54,0.46
1599,1:0,2:1,+,0.11,*0.89
1600,1:0,2:1,+,0.38,*0.62
1601,1:0,2:1,+,0.05,*0.95
1602,1:0,1:0,,*0.84,0.16
1603,1:0,1:0,,*0.51,0.49
1604,1:0,1:0,,*0.59,0.41
1605,1:0,1:0,,*0.63,0.37
1606,1:0,1:0,,*0.52,0.48
1607,1:0,2:1,+,0.4,*0.6
1608,1:0,2:1,+,0.46,*0.54
1609,1:0,2:1,+,0.36,*0.64
1610,1:0,1:0,,*0.53,0.47
1611,1:0,1:0,,*0.68,0.32
1612,1:0,1:0,,*0.61,0.39
1613,1:0,2:1,+,0.42,*0.58
1614,1:0,2:1,+,0.25,*0.75
1615,1:0,1:0,,*0.66,0.34
1616,1:0,1:0,,*0.88,0.12
1617,1:0,1:0,,*0.51,0.49
1618,1:0,2:1,+,0.41,*0.59
1619,1:0,1:0,,*0.59,0.41
1620,1:0,2:1,+,0.06,*0.94
1621,1:0,2:1,+,0.47,*0.53
1622,1:0,1:0,,*0.84,0.16
1623,1:0,2:1,+,0.12,*0.88
1624,1:0,1:0,,*0.5,0.5
1625,1:0,1:0,,*0.8,0.2
1626,1:0,1:0,,*0.55,0.45
1627,1:0,1:0,,*0.59,0.41
1628,1:0,1:0,,*0.78,0.22
1629,1:0,1:0,,*0.6,0.4
1630,1:0,2:1,+,0.27,*0.73
1631,1:0,1:0,,*0.61,0.39
1632,1:0,1:0,,*0.57,0.43
1633,1:0,1:0,,*0.67,0.33
1634,1:0,1:0,,*0.58,0.42
1635,1:0,1:0,,*0.51,0.49
1636,1:0,2:1,+,0.35,*0.65
1637,1:0,1:0,,*0.53,0.47
1638,1:0,2:1,+,0.16,*0.84
1639,1:0,2:1,+,0.48,*0.52
1640,1:0,1:0,,*0.84,0.16
1641,1:0,1:0,,*0.62,0.38
1642,1:0,2:1,+,0.46,*0.54
1643,1:0,2:1,+,0.46,*0.54
1644,1:0,2:1,+,0.4,*0.6
1645,1:0,2:1,+,0.32,*0.68
1646,1:0,2:1,+,0.29,*0.71
1647,1:0,2:1,+,0.49,*0.51
1648,1:0,1:0,,*0.61,0.39
1649,1:0,2:1,+,0.3,*0.7
1650,1:0,1:0,,*0.53,0.47
1651,1:0,1:0,,*0.57,0.43
1652,1:0,1:0,,*0.69,0.31
1653,1:0,2:1,+,0.46,*0.54
1654,1:0,2:1,+,0.16,*0.84
1655,1:0,1:0,,*0.66,0.34
1656,1:0,2:1,+,0.47,*0.53
1657,1:0,2:1,+,0.48,*0.52
1658,1:0,1:0,,*0.52,0.48
1659,1:0,2:1,+,0.25,*0.75
1660,1:0,1:0,,*0.5,0.5
1661,1:0,2:1,+,0.39,*0.61
1662,1:0,1:0,,*0.69,0.31
1663,1:0,1:0,,*0.67,0.33
1664,1:0,2:1,+,0.41,*0.59
1665,1:0,1:0,,*0.87,0.13
1666,1:0,2:1,+,0.31,*0.69
1667,1:0,1:0,,*0.51,0.49
1668,1:0,2:1,+,0.19,*0.81
1669,1:0,1:0,,*0.56,0.44
1670,1:0,2:1,+,0.21,*0.79
1671,1:0,2:1,+,0.49,*0.51
1672,1:0,1:0,,*0.74,0.26
1673,1:0,1:0,,*0.51,0.49
1674,1:0,1:0,,*0.61,0.39
1675,1:0,1:0,,*0.6,0.4
1676,1:0,1:0,,*0.64,0.36
1677,1:0,2:1,+,0.47,*0.53
1678,1:0,2:1,+,0.14,*0.86
1679,1:0,1:0,,*0.65,0.35
1680,1:0,1:0,,*0.59,0.41
1681,1:0,1:0,,*0.69,0.31
1682,1:0,1:0,,*0.66,0.34
1683,1:0,2:1,+,0.4,*0.6
1684,1:0,1:0,,*0.7,0.3
1685,1:0,2:1,+,0.2,*0.8
1686,1:0,2:1,+,0.44,*0.56
1687,1:0,2:1,+,0.47,*0.53
1688,1:0,1:0,,*0.57,0.43
1689,1:0,2:1,+,0.44,*0.56
1690,1:0,2:1,+,0.37,*0.63
1691,1:0,2:1,+,0.17,*0.83
1692,1:0,2:1,+,0.11,*0.89
1693,1:0,1:0,,*0.84,0.16
1694,1:0,1:0,,*0.52,0.48
1695,1:0,2:1,+,0.39,*0.61
1696,1:0,2:1,+,0.2,*0.8
1697,1:0,2:1,+,0.19,*0.81
1698,1:0,2:1,+,0.48,*0.52
1699,1:0,2:1,+,0.25,*0.75
1700,1:0,2:1,+,0.42,*0.58
1701,1:0,1:0,,*0.66,0.34
1702,1:0,2:1,+,0.44,*0.56
1703,1:0,1:0,,*0.57,0.43
1704,1:0,1:0,,*0.69,0.31
1705,1:0,2:1,+,0.46,*0.54
1706,1:0,2:1,+,0.47,*0.53
1707,1:0,1:0,,*0.53,0.47
1708,1:0,1:0,,*0.53,0.47
1709,1:0,1:0,,*0.53,0.47
1710,1:0,1:0,,*0.81,0.19
1711,1:0,2:1,+,0.45,*0.55
1712,1:0,1:0,,*0.54,0.46
1713,1:0,1:0,,*0.53,0.47
1714,1:0,1:0,,*0.92,0.08
1715,1:0,1:0,,*0.72,0.28
1716,1:0,1:0,,*0.53,0.47
1717,1:0,1:0,,*0.6,0.4
1718,1:0,2:1,+,0.43,*0.57
1719,1:0,2:1,+,0.46,*0.54
1720,1:0,1:0,,*0.58,0.42
1721,1:0,1:0,,*0.51,0.49
1722,1:0,2:1,+,0.15,*0.85
1723,1:0,1:0,,*0.86,0.14
1724,1:0,2:1,+,0.14,*0.86
1725,1:0,1:0,,*0.56,0.44
1726,1:0,1:0,,*0.53,0.47
1727,1:0,1:0,,*0.52,0.48
1728,1:0,2:1,+,0.47,*0.53
1729,1:0,2:1,+,0.42,*0.58
1730,1:0,1:0,,*0.62,0.38
1731,1:0,1:0,,*0.71,0.29
1732,1:0,2:1,+,0.15,*0.85
1733,1:0,1:0,,*0.85,0.15
1734,1:0,2:1,+,0.33,*0.67
1735,1:0,1:0,,*0.93,0.07
1736,1:0,1:0,,*0.5,0.5
1737,1:0,2:1,+,0.45,*0.55
1738,1:0,1:0,,*0.52,0.48
1739,1:0,2:1,+,0.44,*0.56
1740,1:0,2:1,+,0.19,*0.81
1741,1:0,1:0,,*0.53,0.47
1742,1:0,2:1,+,0.25,*0.75
1743,1:0,1:0,,*0.52,0.48
1744,1:0,2:1,+,0.19,*0.81
1745,1:0,1:0,,*0.54,0.46
1746,1:0,1:0,,*0.52,0.48
1747,1:0,1:0,,*0.58,0.42
1748,1:0,1:0,,*0.56,0.44
1749,1:0,1:0,,*0.53,0.47
1750,1:0,1:0,,*0.53,0.47
1751,1:0,1:0,,*0.89,0.11
1752,1:0,2:1,+,0.47,*0.53
1753,1:0,2:1,+,0.47,*0.53
1754,1:0,1:0,,*0.73,0.27
1755,1:0,2:1,+,0.06,*0.94
1756,1:0,1:0,,*0.86,0.14
1757,1:0,2:1,+,0.41,*0.59
1758,1:0,1:0,,*0.81,0.19
1759,1:0,2:1,+,0.28,*0.72
1760,1:0,1:0,,*0.56,0.44
1761,1:0,2:1,+,0.41,*0.59
1762,1:0,1:0,,*0.68,0.32
1763,1:0,2:1,+,0.17,*0.83
1764,1:0,1:0,,*0.71,0.29
1765,1:0,1:0,,*0.69,0.31
1766,1:0,1:0,,*0.54,0.46
1767,1:0,1:0,,*0.76,0.24
1768,1:0,1:0,,*0.53,0.47
1769,1:0,1:0,,*0.75,0.25
1770,1:0,1:0,,*0.66,0.34
1771,1:0,1:0,,*0.58,0.42
1772,1:0,2:1,+,0.43,*0.57
1773,1:0,1:0,,*0.68,0.32
1774,1:0,1:0,,*0.87,0.13
1775,1:0,2:1,+,0.4,*0.6
1776,1:0,1:0,,*0.64,0.36
1777,1:0,2:1,+,0.24,*0.76
1778,1:0,2:1,+,0.38,*0.62
1779,1:0,2:1,+,0.19,*0.81
1780,1:0,1:0,,*0.5,0.5
1781,1:0,2:1,+,0.49,*0.51
1782,1:0,1:0,,*0.64,0.36
1783,1:0,2:1,+,0.18,*0.82
1784,1:0,1:0,,*0.52,0.48
1785,1:0,1:0,,*0.63,0.37
1786,1:0,2:1,+,0.46,*0.54
1787,1:0,2:1,+,0.45,*0.55
1788,1:0,2:1,+,0.42,*0.58
1789,1:0,2:1,+,0.25,*0.75
1790,1:0,1:0,,*0.57,0.43
1791,1:0,2:1,+,0.42,*0.58
1792,1:0,2:1,+,0.24,*0.76
1793,1:0,2:1,+,0.42,*0.58
1794,1:0,1:0,,*0.59,0.41
1795,1:0,1:0,,*0.85,0.15
1796,1:0,2:1,+,0.11,*0.89
1797,1:0,1:0,,*0.53,0.47
1798,1:0,2:1,+,0.38,*0.62
1799,1:0,1:0,,*0.87,0.13
1800,1:0,1:0,,*0.51,0.49
1801,1:0,1:0,,*0.59,0.41
1802,1:0,1:0,,*0.62,0.38
1803,1:0,2:1,+,0.28,*0.72
1804,1:0,1:0,,*0.5,0.5
1805,1:0,1:0,,*0.51,0.49
1806,1:0,2:1,+,0.23,*0.77
1807,1:0,1:0,,*0.51,0.49
1808,1:0,2:1,+,0.24,*0.76
1809,1:0,2:1,+,0.13,*0.87
1810,1:0,2:1,+,0.36,*0.64
1811,1:0,1:0,,*0.55,0.45
1812,1:0,2:1,+,0.14,*0.86
1813,1:0,2:1,+,0.45,*0.55
1814,1:0,1:0,,*0.51,0.49
1815,1:0,2:1,+,0.44,*0.56
1816,1:0,1:0,,*0.7,0.3
1817,1:0,2:1,+,0.23,*0.77
1818,1:0,2:1,+,0.49,*0.51
1819,1:0,1:0,,*0.57,0.43
1820,1:0,1:0,,*0.83,0.17
1821,1:0,2:1,+,0.46,*0.54
1822,1:0,2:1,+,0.46,*0.54
1823,1:0,1:0,,*0.5,0.5
1824,1:0,2:1,+,0.49,*0.51
1825,1:0,2:1,+,0.47,*0.53
1826,1:0,2:1,+,0.47,*0.53
1827,1:0,2:1,+,0.19,*0.81
1828,1:0,1:0,,*0.58,0.42
1829,1:0,1:0,,*0.72,0.28
1830,1:0,2:1,+,0.3,*0.7
1831,1:0,2:1,+,0.38,*0.62
1832,1:0,2:1,+,0.16,*0.84
1833,1:0,2:1,+,0.17,*0.83
1834,1:0,2:1,+,0.16,*0.84
1835,1:0,2:1,+,0.28,*0.72
1836,1:0,2:1,+,0.08,*0.92
1837,1:0,1:0,,*0.58,0.42
1838,1:0,1:0,,*0.61,0.39
1839,1:0,1:0,,*0.67,0.33
1840,1:0,2:1,+,0.45,*0.55
1841,1:0,2:1,+,0.48,*0.52
1842,1:0,2:1,+,0.18,*0.82
1843,1:0,2:1,+,0.42,*0.58
1844,1:0,2:1,+,0.49,*0.51
1845,1:0,2:1,+,0.36,*0.64
1846,1:0,2:1,+,0.15,*0.85
1847,1:0,2:1,+,0.41,*0.59
1848,1:0,1:0,,*0.78,0.22
1849,1:0,2:1,+,0.3,*0.7
1850,1:0,1:0,,*0.78,0.22
1851,1:0,1:0,,*0.7,0.3
1852,1:0,2:1,+,0.49,*0.51
1853,1:0,1:0,,*0.58,0.42
1854,1:0,2:1,+,0.49,*0.51
1855,1:0,1:0,,*0.5,0.5
1856,1:0,2:1,+,0.48,*0.52
1857,1:0,2:1,+,0.18,*0.82
1858,1:0,1:0,,*0.61,0.39
1859,1:0,1:0,,*0.73,0.27
1860,1:0,2:1,+,0.49,*0.51
1861,1:0,2:1,+,0.45,*0.55
1862,1:0,1:0,,*0.65,0.35
1863,1:0,1:0,,*0.73,0.27
1864,1:0,1:0,,*0.58,0.42
1865,1:0,1:0,,*0.52,0.48
1866,1:0,2:1,+,0.44,*0.56
1867,1:0,2:1,+,0.43,*0.57
1868,1:0,2:1,+,0.38,*0.62
1869,1:0,1:0,,*0.53,0.47
1870,1:0,2:1,+,0.47,*0.53
1871,1:0,1:0,,*0.78,0.22
1872,1:0,1:0,,*0.53,0.47
1873,1:0,1:0,,*0.58,0.42
1874,1:0,2:1,+,0.28,*0.72
1875,1:0,2:1,+,0.49,*0.51
1876,1:0,2:1,+,0.39,*0.61
1877,1:0,1:0,,*0.59,0.41
1878,1:0,2:1,+,0.46,*0.54
1879,1:0,1:0,,*0.53,0.47
1880,1:0,1:0,,*0.76,0.24
1881,1:0,2:1,+,0.35,*0.65
1882,1:0,1:0,,*0.7,0.3
1883,1:0,1:0,,*0.9,0.1
1884,1:0,1:0,,*0.6,0.4
1885,1:0,1:0,,*0.59,0.41
1886,1:0,1:0,,*0.64,0.36
1887,1:0,1:0,,*0.51,0.49
1888,1:0,1:0,,*0.53,0.47
1889,1:0,2:1,+,0.25,*0.75
1890,1:0,1:0,,*0.52,0.48
1891,1:0,2:1,+,0.28,*0.72
1892,1:0,1:0,,*0.91,0.09
1893,1:0,2:1,+,0.29,*0.71
1894,1:0,2:1,+,0.1,*0.9
1895,1:0,1:0,,*0.53,0.47
1896,1:0,1:0,,*0.58,0.42
1897,1:0,1:0,,*0.95,0.05
1898,1:0,2:1,+,0.26,*0.74
1899,1:0,1:0,,*0.54,0.46
1900,1:0,2:1,+,0.21,*0.79
1901,1:0,1:0,,*0.86,0.14
1902,1:0,2:1,+,0.15,*0.85
1903,1:0,1:0,,*0.55,0.45
1904,1:0,1:0,,*0.84,0.16
1905,1:0,2:1,+,0.25,*0.75
1906,1:0,2:1,+,0.4,*0.6
1907,1:0,1:0,,*0.51,0.49
1908,1:0,1:0,,*0.51,0.49
1909,1:0,1:0,,*0.59,0.41
1910,1:0,2:1,+,0.23,*0.77
1911,1:0,1:0,,*0.52,0.48
1912,1:0,1:0,,*0.69,0.31
1913,1:0,2:1,+,0.45,*0.55
1914,1:0,1:0,,*0.52,0.48
1915,1:0,2:1,+,0.45,*0.55
1916,1:0,2:1,+,0.42,*0.58
1917,1:0,1:0,,*0.68,0.32
1918,1:0,1:0,,*0.55,0.45
1919,1:0,2:1,+,0.28,*0.72
1920,1:0,1:0,,*0.64,0.36
1921,1:0,1:0,,*0.55,0.45
1922,1:0,2:1,+,0.31,*0.69
1923,1:0,2:1,+,0.43,*0.57
1924,1:0,1:0,,*0.61,0.39
1925,1:0,2:1,+,0.16,*0.84
1926,1:0,2:1,+,0.17,*0.83
1927,1:0,2:1,+,0.27,*0.73
1928,1:0,1:0,,*0.84,0.16
1929,1:0,2:1,+,0.49,*0.51
1930,1:0,2:1,+,0.13,*0.87
1931,1:0,2:1,+,0.27,*0.73
1932,1:0,2:1,+,0.18,*0.82
1933,1:0,2:1,+,0.26,*0.74
1934,1:0,2:1,+,0.11,*0.89
1935,1:0,2:1,+,0.29,*0.71
1936,1:0,1:0,,*0.64,0.36
1937,1:0,2:1,+,0.38,*0.62
1938,1:0,2:1,+,0.48,*0.52
1939,1:0,2:1,+,0.45,*0.55
1940,1:0,1:0,,*0.55,0.45
1941,1:0,1:0,,*0.63,0.37
1942,1:0,1:0,,*0.63,0.37
1943,1:0,1:0,,*0.61,0.39
1944,1:0,2:1,+,0.25,*0.75
1945,1:0,2:1,+,0.13,*0.87
1946,1:0,2:1,+,0.37,*0.63
1947,1:0,2:1,+,0.45,*0.55
1948,1:0,1:0,,*0.79,0.21
1949,1:0,1:0,,*0.54,0.46
1950,1:0,1:0,,*0.85,0.15
1951,1:0,1:0,,*0.56,0.44
1952,1:0,2:1,+,0.16,*0.84
1953,1:0,1:0,,*0.68,0.32
1954,1:0,1:0,,*0.65,0.35
1955,1:0,1:0,,*0.52,0.48
1956,1:0,2:1,+,0.27,*0.73
1957,1:0,2:1,+,0.4,*0.6
1958,1:0,1:0,,*0.71,0.29
1959,1:0,1:0,,*0.55,0.45
1960,1:0,1:0,,*0.51,0.49
1961,1:0,2:1,+,0.22,*0.78
1962,1:0,1:0,,*0.61,0.39
1963,1:0,2:1,+,0.45,*0.55

