inst#,actual,predicted,error,prediction
1,2:1,2:1,,0.8985
2,2:1,2:1,,0.633
3,2:1,2:1,,0.9365
4,2:1,1:0,+,0.6165
5,2:1,2:1,,0.7245
6,2:1,2:1,,0.6029
7,2:1,2:1,,0.9257
8,2:1,1:0,+,0.6625
9,2:1,2:1,,0.5401
10,2:1,2:1,,0.5053
11,2:1,2:1,,0.9117
12,2:1,2:1,,0.9668
13,2:1,1:0,+,0.6141
14,2:1,2:1,,0.7966
15,2:1,1:0,+,0.9587
16,2:1,2:1,,0.7124
17,2:1,2:1,,0.9623
18,2:1,2:1,,0.7766
19,2:1,1:0,+,0.7631
20,2:1,1:0,+,0.556
21,2:1,2:1,,0.8434
22,2:1,2:1,,0.9761
23,2:1,2:1,,0.5229
24,2:1,2:1,,0.7333
25,2:1,2:1,,0.8425
26,2:1,2:1,,0.7172
27,2:1,2:1,,0.5249
28,2:1,1:0,+,0.7899
29,2:1,1:0,+,0.5899
30,2:1,1:0,+,0.6979
31,2:1,2:1,,0.9462
32,2:1,2:1,,0.9066
33,2:1,1:0,+,0.9097
34,2:1,2:1,,0.6005
35,2:1,2:1,,0.8742
36,2:1,2:1,,0.5798
37,2:1,1:0,+,0.5764
38,2:1,1:0,+,0.5712
39,2:1,2:1,,0.502
40,2:1,2:1,,0.7143
41,2:1,2:1,,0.9829
42,2:1,2:1,,0.9878
43,2:1,1:0,+,0.9129
44,2:1,1:0,+,0.7803
45,2:1,1:0,+,0.8653
46,2:1,1:0,+,0.506
47,2:1,1:0,+,0.6304
48,2:1,2:1,,0.969
49,2:1,2:1,,0.9749
50,2:1,2:1,,0.8111
51,2:1,1:0,+,0.5427
52,2:1,2:1,,0.6036
53,2:1,2:1,,0.9384
54,2:1,2:1,,0.9249
55,2:1,2:1,,0.9846
56,2:1,2:1,,0.9466
57,2:1,1:0,+,0.6064
58,2:1,2:1,,0.7946
59,2:1,2:1,,0.8966
60,2:1,2:1,,0.7578
61,2:1,1:0,+,0.6176
62,2:1,2:1,,0.9581
63,2:1,1:0,+,0.5898
64,2:1,2:1,,0.8398
65,2:1,1:0,+,0.6654
66,2:1,1:0,+,0.7382
67,2:1,2:1,,0.848
68,2:1,1:0,+,0.5056
69,2:1,2:1,,0.6201
70,2:1,1:0,+,0.7314
71,2:1,2:1,,0.6097
72,2:1,2:1,,0.7353
73,2:1,1:0,+,0.6064
74,2:1,2:1,,0.5942
75,2:1,2:1,,0.5227
76,2:1,2:1,,0.9466
77,2:1,1:0,+,0.7419
78,2:1,2:1,,0.6824
79,2:1,2:1,,0.8279
80,2:1,2:1,,0.5688
81,2:1,2:1,,0.9637
82,2:1,2:1,,0.6294
83,2:1,1:0,+,0.7757
84,2:1,1:0,+,0.7253
85,2:1,2:1,,0.8859
86,2:1,1:0,+,0.7087
87,2:1,1:0,+,0.6101
88,2:1,2:1,,0.9764
89,2:1,1:0,+,0.9071
90,2:1,2:1,,0.825
91,2:1,2:1,,0.9261
92,2:1,2:1,,0.8844
93,2:1,1:0,+,0.94
94,2:1,1:0,+,0.8286
95,2:1,2:1,,0.9037
96,2:1,2:1,,0.743
97,2:1,1:0,+,0.9778
98,2:1,2:1,,0.9135
99,2:1,2:1,,0.891
100,1:0,2:1,+,0.772
101,1:0,1:0,,0.7072
102,1:0,1:0,,0.8972
103,1:0,2:1,+,0.9507
104,1:0,2:1,+,0.6153
105,1:0,1:0,,0.9923
106,1:0,2:1,+,0.6211
107,1:0,2:1,+,0.6525
108,1:0,2:1,+,0.8454
109,1:0,2:1,+,0.5798
110,1:0,2:1,+,0.6258
111,1:0,2:1,+,0.8862
112,1:0,1:0,,0.5126
113,1:0,2:1,+,0.7257
114,1:0,1:0,,0.6379
115,1:0,1:0,,0.8506
116,1:0,1:0,,0.763
117,1:0,1:0,,0.9103
118,1:0,1:0,,0.8324
119,1:0,1:0,,0.6757
120,1:0,2:1,+,0.7108
121,1:0,1:0,,0.8258
122,1:0,1:0,,0.6464
123,1:0,1:0,,0.5926
124,1:0,1:0,,0.9815
125,1:0,2:1,+,0.7532
126,1:0,2:1,+,0.8158
127,1:0,1:0,,0.9316
128,1:0,2:1,+,0.6688
129,1:0,2:1,+,0.815
130,1:0,2:1,+,0.7252
131,1:0,1:0,,0.6514
132,1:0,1:0,,0.8373
133,1:0,1:0,,0.7332
134,1:0,1:0,,0.5125
135,1:0,1:0,,0.8599
136,1:0,1:0,,0.6054
137,1:0,2:1,+,0.7753
138,1:0,2:1,+,0.9113
139,1:0,2:1,+,0.7405
140,1:0,2:1,+,0.781
141,1:0,2:1,+,0.6276
142,1:0,1:0,,0.5472
143,1:0,2:1,+,0.5043
144,1:0,1:0,,0.9739
145,1:0,1:0,,0.9906
146,1:0,1:0,,0.5669
147,1:0,1:0,,0.8866
148,1:0,2:1,+,0.5786
149,1:0,1:0,,0.5043
150,1:0,1:0,,0.7738
151,1:0,1:0,,0.5934
152,1:0,1:0,,0.8603
153,1:0,1:0,,0.8154
154,1:0,1:0,,0.8656
155,1:0,1:0,,0.8718
156,1:0,1:0,,0.9591
157,1:0,1:0,,0.6404
158,1:0,1:0,,0.6361
159,1:0,1:0,,0.7936
160,1:0,1:0,,0.8948
161,1:0,1:0,,0.9931
162,1:0,2:1,+,0.6212
163,1:0,1:0,,0.7285
164,1:0,2:1,+,0.9133
165,1:0,2:1,+,0.863
166,1:0,1:0,,0.957
167,1:0,2:1,+,0.9229
168,1:0,1:0,,0.8916
169,1:0,2:1,+,0.7495
170,1:0,1:0,,0.9225
171,1:0,2:1,+,0.5516
172,1:0,2:1,+,0.7075
173,1:0,1:0,,0.5272
174,1:0,2:1,+,0.9092
175,1:0,1:0,,0.7067
176,1:0,1:0,,0.9778
177,1:0,2:1,+,0.7056
178,1:0,2:1,+,0.887
179,1:0,2:1,+,0.6069
180,1:0,2:1,+,0.5763
181,1:0,1:0,,0.7471
182,1:0,2:1,+,0.7426
183,1:0,1:0,,0.8552
184,1:0,1:0,,0.8698
185,1:0,1:0,,0.6799
186,1:0,2:1,+,0.7403
187,1:0,1:0,,0.9373
188,1:0,2:1,+,0.5998
189,1:0,1:0,,0.9696
190,1:0,1:0,,0.5717
191,1:0,1:0,,0.5238
192,1:0,1:0,,0.8143
193,1:0,1:0,,0.6947
194,1:0,1:0,,0.7451
195,1:0,1:0,,0.526
196,1:0,1:0,,0.7877
197,1:0,1:0,,0.6133
1,2:1,2:1,,0.6632
2,2:1,1:0,+,0.6704
3,2:1,1:0,+,0.6922
4,2:1,2:1,,0.8973
5,2:1,1:0,+,0.6736
6,2:1,2:1,,0.8198
7,2:1,2:1,,0.7091
8,2:1,2:1,,0.9739
9,2:1,2:1,,0.5619
10,2:1,2:1,,0.9747
11,2:1,2:1,,0.9058
12,2:1,2:1,,0.9901
13,2:1,2:1,,0.9475
14,2:1,2:1,,0.9283
15,2:1,1:0,+,0.8282
16,2:1,2:1,,0.9593
17,2:1,2:1,,0.9332
18,2:1,2:1,,0.635
19,2:1,2:1,,0.9924
20,2:1,2:1,,0.773
21,2:1,2:1,,0.5665
22,2:1,1:0,+,0.9463
23,2:1,2:1,,0.5631
24,2:1,2:1,,0.6731
25,2:1,1:0,+,0.8794
26,2:1,2:1,,0.9239
27,2:1,2:1,,0.8803
28,2:1,2:1,,0.6454
29,2:1,2:1,,0.7068
30,2:1,2:1,,0.9751
31,2:1,2:1,,0.9139
32,2:1,2:1,,0.6528
33,2:1,1:0,+,0.6767
34,2:1,1:0,+,0.81
35,2:1,1:0,+,0.9115
36,2:1,2:1,,0.7905
37,2:1,1:0,+,0.881
38,2:1,2:1,,0.5101
39,2:1,2:1,,0.5653
40,2:1,2:1,,0.9218
41,2:1,1:0,+,0.9204
42,2:1,2:1,,0.8648
43,2:1,2:1,,0.7331
44,2:1,2:1,,0.9955
45,2:1,2:1,,0.5144
46,2:1,2:1,,0.6642
47,2:1,1:0,+,0.6881
48,2:1,1:0,+,0.5028
49,2:1,2:1,,0.7138
50,2:1,2:1,,0.8879
51,2:1,2:1,,0.5111
52,2:1,2:1,,0.9176
53,2:1,1:0,+,0.8372
54,2:1,2:1,,0.759
55,2:1,1:0,+,0.6281
56,2:1,1:0,+,0.5023
57,2:1,2:1,,0.9426
58,2:1,1:0,+,0.8371
59,2:1,2:1,,0.9528
60,2:1,1:0,+,0.8242
61,2:1,2:1,,0.5551
62,2:1,1:0,+,0.8298
63,2:1,1:0,+,0.819
64,2:1,2:1,,0.9777
65,2:1,1:0,+,0.884
66,2:1,2:1,,0.9888
67,2:1,2:1,,0.8281
68,2:1,2:1,,0.8441
69,2:1,1:0,+,0.7114
70,2:1,2:1,,0.715
71,2:1,2:1,,0.9464
72,2:1,2:1,,0.7876
73,2:1,1:0,+,0.6827
74,2:1,2:1,,0.9758
75,2:1,2:1,,0.8833
76,2:1,2:1,,0.6408
77,2:1,1:0,+,0.8532
78,2:1,2:1,,0.7947
79,2:1,1:0,+,0.7998
80,2:1,1:0,+,0.7118
81,2:1,2:1,,0.9425
82,2:1,2:1,,0.7271
83,2:1,1:0,+,0.8392
84,2:1,2:1,,0.6553
85,2:1,2:1,,0.8849
86,2:1,2:1,,0.983
87,2:1,1:0,+,0.5276
88,2:1,2:1,,0.8933
89,2:1,2:1,,0.6014
90,2:1,2:1,,0.9593
91,2:1,1:0,+,0.7216
92,2:1,2:1,,0.829
93,2:1,2:1,,0.6659
94,2:1,2:1,,0.7481
95,2:1,2:1,,0.7801
96,2:1,2:1,,0.5826
97,2:1,2:1,,0.7957
98,2:1,2:1,,0.8801
99,1:0,2:1,+,0.8046
100,1:0,1:0,,0.5202
101,1:0,2:1,+,0.7136
102,1:0,2:1,+,0.8056
103,1:0,1:0,,0.8935
104,1:0,1:0,,0.5628
105,1:0,1:0,,0.5531
106,1:0,1:0,,0.7472
107,1:0,2:1,+,0.9608
108,1:0,2:1,+,0.5078
109,1:0,1:0,,0.7043
110,1:0,2:1,+,0.5948
111,1:0,1:0,,0.8427
112,1:0,1:0,,0.6415
113,1:0,1:0,,0.7803
114,1:0,1:0,,0.5743
115,1:0,1:0,,0.5999
116,1:0,1:0,,0.6445
117,1:0,1:0,,0.9022
118,1:0,2:1,+,0.5667
119,1:0,1:0,,0.8809
120,1:0,1:0,,0.8962
121,1:0,1:0,,0.5916
122,1:0,1:0,,0.6657
123,1:0,2:1,+,0.7595
124,1:0,2:1,+,0.7363
125,1:0,2:1,+,0.6869
126,1:0,2:1,+,0.6561
127,1:0,1:0,,0.9107
128,1:0,2:1,+,0.7659
129,1:0,1:0,,0.6272
130,1:0,1:0,,0.8119
131,1:0,1:0,,0.7401
132,1:0,1:0,,0.6198
133,1:0,1:0,,0.9003
134,1:0,2:1,+,0.7678
135,1:0,1:0,,0.5109
136,1:0,2:1,+,0.6634
137,1:0,1:0,,0.513
138,1:0,2:1,+,0.5406
139,1:0,1:0,,0.8048
140,1:0,2:1,+,0.5815
141,1:0,1:0,,0.6701
142,1:0,1:0,,0.915
143,1:0,1:0,,0.5518
144,1:0,1:0,,0.9376
145,1:0,1:0,,0.7131
146,1:0,2:1,+,0.8376
147,1:0,2:1,+,0.7375
148,1:0,1:0,,0.7428
149,1:0,2:1,+,0.6251
150,1:0,2:1,+,0.7779
151,1:0,2:1,+,0.614
152,1:0,1:0,,0.9183
153,1:0,2:1,+,0.8379
154,1:0,1:0,,0.7721
155,1:0,2:1,+,0.5811
156,1:0,1:0,,0.9197
157,1:0,1:0,,0.9022
158,1:0,1:0,,0.8089
159,1:0,1:0,,0.6
160,1:0,2:1,+,0.5176
161,1:0,2:1,+,0.5235
162,1:0,1:0,,0.8197
163,1:0,1:0,,0.7593
164,1:0,2:1,+,0.6305
165,1:0,1:0,,0.5054
166,1:0,2:1,+,0.5418
167,1:0,2:1,+,0.9197
168,1:0,1:0,,0.8224
169,1:0,1:0,,0.6974
170,1:0,1:0,,0.9486
171,1:0,2:1,+,0.825
172,1:0,2:1,+,0.594
173,1:0,1:0,,0.8335
174,1:0,1:0,,0.8862
175,1:0,1:0,,0.6248
176,1:0,2:1,+,0.8817
177,1:0,2:1,+,0.5444
178,1:0,1:0,,0.8439
179,1:0,1:0,,0.5445
180,1:0,1:0,,0.8395
181,1:0,2:1,+,0.614
182,1:0,2:1,+,0.843
183,1:0,2:1,+,0.6729
184,1:0,1:0,,0.668
185,1:0,1:0,,0.8977
186,1:0,2:1,+,0.5068
187,1:0,1:0,,0.6265
188,1:0,1:0,,0.6412
189,1:0,1:0,,0.8918
190,1:0,1:0,,0.8269
191,1:0,2:1,+,0.9286
192,1:0,1:0,,0.9482
193,1:0,1:0,,0.5655
194,1:0,1:0,,0.8129
195,1:0,1:0,,0.536
196,1:0,2:1,+,0.8342
197,1:0,2:1,+,0.9253
1,2:1,2:1,,0.6203
2,2:1,2:1,,0.98
3,2:1,2:1,,0.9271
4,2:1,2:1,,0.7166
5,2:1,1:0,+,0.537
6,2:1,1:0,+,0.7076
7,2:1,2:1,,0.5871
8,2:1,2:1,,0.7754
9,2:1,2:1,,0.7453
10,2:1,2:1,,0.7708
11,2:1,2:1,,0.8463
12,2:1,2:1,,0.8323
13,2:1,2:1,,0.8957
14,2:1,2:1,,0.668
15,2:1,1:0,+,0.9181
16,2:1,1:0,+,0.7733
17,2:1,1:0,+,0.6291
18,2:1,1:0,+,0.8674
19,2:1,2:1,,0.9488
20,2:1,1:0,+,0.9549
21,2:1,2:1,,0.8844
22,2:1,2:1,,0.8808
23,2:1,1:0,+,0.9129
24,2:1,1:0,+,0.7937
25,2:1,1:0,+,0.7609
26,2:1,1:0,+,0.504
27,2:1,1:0,+,0.9896
28,2:1,1:0,+,0.6342
29,2:1,1:0,+,0.6974
30,2:1,2:1,,0.6569
31,2:1,2:1,,0.7061
32,2:1,1:0,+,0.5644
33,2:1,1:0,+,0.862
34,2:1,1:0,+,0.5652
35,2:1,2:1,,0.8494
36,2:1,2:1,,0.5587
37,2:1,2:1,,0.9082
38,2:1,2:1,,0.6416
39,2:1,1:0,+,0.767
40,2:1,1:0,+,0.8207
41,2:1,1:0,+,0.9004
42,2:1,2:1,,0.8924
43,2:1,1:0,+,0.9129
44,2:1,2:1,,0.7149
45,2:1,2:1,,0.6402
46,2:1,2:1,,0.784
47,2:1,1:0,+,0.5386
48,2:1,2:1,,0.5761
49,2:1,2:1,,0.959
50,2:1,2:1,,0.8367
51,2:1,1:0,+,0.6304
52,2:1,1:0,+,0.7823
53,2:1,1:0,+,0.8501
54,2:1,1:0,+,0.5429
55,2:1,1:0,+,0.5797
56,2:1,1:0,+,0.6149
57,2:1,1:0,+,0.7898
58,2:1,1:0,+,0.6147
59,2:1,2:1,,0.6061
60,2:1,2:1,,0.8078
61,2:1,2:1,,0.9021
62,2:1,1:0,+,0.7401
63,2:1,2:1,,0.9152
64,2:1,2:1,,0.845
65,2:1,2:1,,0.7962
66,2:1,1:0,+,0.7374
67,2:1,2:1,,0.8855
68,2:1,2:1,,0.741
69,2:1,1:0,+,0.9281
70,2:1,2:1,,0.945
71,2:1,2:1,,0.5922
72,2:1,1:0,+,0.9289
73,2:1,1:0,+,0.5431
74,2:1,2:1,,0.8215
75,2:1,1:0,+,0.6082
76,2:1,2:1,,0.8849
77,2:1,1:0,+,0.669
78,2:1,1:0,+,0.8725
79,2:1,2:1,,0.767
80,2:1,2:1,,0.7571
81,2:1,2:1,,0.9355
82,2:1,1:0,+,0.5282
83,2:1,2:1,,0.7594
84,2:1,1:0,+,0.5891
85,2:1,2:1,,0.5804
86,2:1,2:1,,0.9203
87,2:1,2:1,,0.6102
88,2:1,2:1,,0.5883
89,2:1,2:1,,0.685
90,2:1,2:1,,0.7802
91,2:1,1:0,+,0.6776
92,2:1,2:1,,0.7565
93,2:1,2:1,,0.9796
94,2:1,2:1,,0.5322
95,2:1,2:1,,0.7646
96,2:1,1:0,+,0.7825
97,2:1,2:1,,0.645
98,2:1,1:0,+,0.7727
99,1:0,2:1,+,0.8246
100,1:0,1:0,,0.9094
101,1:0,1:0,,0.7972
102,1:0,1:0,,0.9397
103,1:0,2:1,+,0.8203
104,1:0,1:0,,0.5098
105,1:0,1:0,,0.6903
106,1:0,1:0,,0.525
107,1:0,1:0,,0.9675
108,1:0,2:1,+,0.8075
109,1:0,1:0,,0.7156
110,1:0,1:0,,0.9533
111,1:0,1:0,,0.888
112,1:0,1:0,,0.5809
113,1:0,1:0,,0.9585
114,1:0,1:0,,0.5596
115,1:0,1:0,,0.9247
116,1:0,1:0,,0.9403
117,1:0,1:0,,0.8666
118,1:0,1:0,,0.5461
119,1:0,2:1,+,0.5739
120,1:0,1:0,,0.6531
121,1:0,1:0,,0.6136
122,1:0,2:1,+,0.8543
123,1:0,1:0,,0.8734
124,1:0,2:1,+,0.866
125,1:0,1:0,,0.7873
126,1:0,2:1,+,0.6331
127,1:0,1:0,,0.9945
128,1:0,2:1,+,0.6672
129,1:0,1:0,,0.8051
130,1:0,1:0,,0.718
131,1:0,1:0,,0.6232
132,1:0,2:1,+,0.7401
133,1:0,1:0,,0.9419
134,1:0,2:1,+,0.7532
135,1:0,1:0,,0.5829
136,1:0,1:0,,0.6659
137,1:0,1:0,,0.7076
138,1:0,2:1,+,0.956
139,1:0,1:0,,0.5205
140,1:0,2:1,+,0.6792
141,1:0,1:0,,0.9079
142,1:0,1:0,,0.6943
143,1:0,1:0,,0.7939
144,1:0,1:0,,0.7543
145,1:0,1:0,,0.7407
146,1:0,1:0,,0.5624
147,1:0,1:0,,0.8095
148,1:0,1:0,,0.6342
149,1:0,1:0,,0.882
150,1:0,2:1,+,0.7861
151,1:0,1:0,,0.529
152,1:0,1:0,,0.7477
153,1:0,1:0,,0.7519
154,1:0,1:0,,0.8943
155,1:0,1:0,,0.8614
156,1:0,1:0,,0.9391
157,1:0,2:1,+,0.8142
158,1:0,1:0,,0.9246
159,1:0,1:0,,0.79
160,1:0,2:1,+,0.8943
161,1:0,1:0,,0.6943
162,1:0,1:0,,0.9017
163,1:0,2:1,+,0.5817
164,1:0,2:1,+,0.5513
165,1:0,1:0,,0.7476
166,1:0,1:0,,0.703
167,1:0,1:0,,0.6613
168,1:0,1:0,,0.9163
169,1:0,1:0,,0.9768
170,1:0,1:0,,0.6535
171,1:0,1:0,,0.8679
172,1:0,2:1,+,0.7122
173,1:0,1:0,,0.9585
174,1:0,1:0,,0.6211
175,1:0,1:0,,0.693
176,1:0,1:0,,0.6075
177,1:0,2:1,+,0.6087
178,1:0,1:0,,0.6131
179,1:0,2:1,+,0.872
180,1:0,2:1,+,0.6872
181,1:0,1:0,,0.6695
182,1:0,1:0,,0.6782
183,1:0,2:1,+,0.5516
184,1:0,1:0,,0.8586
185,1:0,1:0,,0.5486
186,1:0,1:0,,0.8351
187,1:0,1:0,,0.7041
188,1:0,1:0,,0.5323
189,1:0,2:1,+,0.8448
190,1:0,1:0,,0.9174
191,1:0,1:0,,0.7824
192,1:0,1:0,,0.5829
193,1:0,2:1,+,0.8215
194,1:0,1:0,,0.6025
195,1:0,2:1,+,0.7597
196,1:0,2:1,+,0.5748
1,2:1,2:1,,0.7487
2,2:1,2:1,,0.7001
3,2:1,1:0,+,0.8411
4,2:1,2:1,,0.8356
5,2:1,1:0,+,0.6433
6,2:1,2:1,,0.958
7,2:1,2:1,,0.722
8,2:1,1:0,+,0.5592
9,2:1,2:1,,0.8491
10,2:1,1:0,+,0.9264
11,2:1,2:1,,0.5815
12,2:1,2:1,,0.9803
13,2:1,2:1,,0.5889
14,2:1,2:1,,0.9243
15,2:1,2:1,,0.5101
16,2:1,2:1,,0.6095
17,2:1,1:0,+,0.517
18,2:1,2:1,,0.6259
19,2:1,1:0,+,0.7197
20,2:1,2:1,,0.9534
21,2:1,2:1,,0.7071
22,2:1,2:1,,0.7809
23,2:1,2:1,,0.7397
24,2:1,2:1,,0.9753
25,2:1,2:1,,0.6738
26,2:1,2:1,,0.8337
27,2:1,2:1,,0.9525
28,2:1,2:1,,0.9335
29,2:1,1:0,+,0.7157
30,2:1,2:1,,0.841
31,2:1,1:0,+,0.7747
32,2:1,1:0,+,0.5052
33,2:1,1:0,+,0.876
34,2:1,2:1,,0.709
35,2:1,2:1,,0.9557
36,2:1,2:1,,0.5458
37,2:1,2:1,,0.937
38,2:1,1:0,+,0.5399
39,2:1,2:1,,0.9731
40,2:1,2:1,,0.8195
41,2:1,1:0,+,0.6968
42,2:1,2:1,,0.8616
43,2:1,1:0,+,0.7728
44,2:1,1:0,+,0.6141
45,2:1,2:1,,0.9163
46,2:1,2:1,,0.6001
47,2:1,2:1,,0.934
48,2:1,2:1,,0.5482
49,2:1,2:1,,0.7737
50,2:1,1:0,+,0.627
51,2:1,2:1,,0.5082
52,2:1,2:1,,0.9338
53,2:1,1:0,+,0.7676
54,2:1,2:1,,0.8304
55,2:1,1:0,+,0.7151
56,2:1,2:1,,0.9506
57,2:1,2:1,,0.7665
58,2:1,2:1,,0.6007
59,2:1,1:0,+,0.9314
60,2:1,1:0,+,0.6369
61,2:1,1:0,+,0.9697
62,2:1,1:0,+,0.7682
63,2:1,2:1,,0.5364
64,2:1,2:1,,0.6236
65,2:1,2:1,,0.7035
66,2:1,1:0,+,0.6256
67,2:1,1:0,+,0.9593
68,2:1,1:0,+,0.7691
69,2:1,2:1,,0.6875
70,2:1,1:0,+,0.8301
71,2:1,1:0,+,0.8605
72,2:1,2:1,,0.8039
73,2:1,2:1,,0.8943
74,2:1,2:1,,0.7125
75,2:1,2:1,,0.7301
76,2:1,2:1,,0.6661
77,2:1,2:1,,0.7614
78,2:1,2:1,,0.8492
79,2:1,2:1,,0.8367
80,2:1,2:1,,0.884
81,2:1,2:1,,0.8881
82,2:1,2:1,,0.8638
83,2:1,2:1,,0.9599
84,2:1,2:1,,0.8028
85,2:1,2:1,,0.8639
86,2:1,2:1,,0.6817
87,2:1,2:1,,0.7173
88,2:1,1:0,+,0.65
89,2:1,2:1,,0.8058
90,2:1,2:1,,0.6835
91,2:1,2:1,,0.816
92,2:1,1:0,+,0.8397
93,2:1,2:1,,0.8583
94,2:1,2:1,,0.9186
95,2:1,2:1,,0.6043
96,2:1,1:0,+,0.5402
97,2:1,2:1,,0.9727
98,2:1,2:1,,0.7681
99,1:0,1:0,,0.6112
100,1:0,2:1,+,0.6636
101,1:0,1:0,,0.5314
102,1:0,1:0,,0.9487
103,1:0,1:0,,0.9013
104,1:0,1:0,,0.5227
105,1:0,2:1,+,0.6978
106,1:0,1:0,,0.5542
107,1:0,2:1,+,0.8169
108,1:0,2:1,+,0.9409
109,1:0,1:0,,0.9099
110,1:0,1:0,,0.6311
111,1:0,1:0,,0.6154
112,1:0,1:0,,0.7639
113,1:0,1:0,,0.5792
114,1:0,1:0,,0.6479
115,1:0,1:0,,0.9647
116,1:0,2:1,+,0.6359
117,1:0,1:0,,0.6565
118,1:0,1:0,,0.7212
119,1:0,1:0,,0.6379
120,1:0,2:1,+,0.6905
121,1:0,2:1,+,0.7573
122,1:0,2:1,+,0.7066
123,1:0,1:0,,0.9893
124,1:0,2:1,+,0.8746
125,1:0,1:0,,0.5824
126,1:0,1:0,,0.5691
127,1:0,1:0,,0.6896
128,1:0,1:0,,0.5523
129,1:0,1:0,,0.833
130,1:0,1:0,,0.7377
131,1:0,2:1,+,0.5523
132,1:0,1:0,,0.7097
133,1:0,1:0,,0.7595
134,1:0,1:0,,0.5156
135,1:0,2:1,+,0.6271
136,1:0,2:1,+,0.5633
137,1:0,1:0,,0.9232
138,1:0,1:0,,0.7328
139,1:0,1:0,,0.8286
140,1:0,1:0,,0.5014
141,1:0,1:0,,0.9415
142,1:0,1:0,,0.6451
143,1:0,2:1,+,0.9279
144,1:0,2:1,+,0.7429
145,1:0,1:0,,0.632
146,1:0,1:0,,0.8382
147,1:0,2:1,+,0.8059
148,1:0,2:1,+,0.9967
149,1:0,2:1,+,0.5397
150,1:0,2:1,+,0.7447
151,1:0,2:1,+,0.7598
152,1:0,1:0,,0.9001
153,1:0,1:0,,0.5645
154,1:0,1:0,,0.9336
155,1:0,1:0,,0.8207
156,1:0,2:1,+,0.8789
157,1:0,1:0,,0.6431
158,1:0,2:1,+,0.706
159,1:0,2:1,+,0.5267
160,1:0,1:0,,0.8855
161,1:0,1:0,,0.9048
162,1:0,2:1,+,0.5522
163,1:0,1:0,,0.5771
164,1:0,2:1,+,0.959
165,1:0,2:1,+,0.705
166,1:0,1:0,,0.68
167,1:0,1:0,,0.5005
168,1:0,2:1,+,0.8401
169,1:0,1:0,,0.7846
170,1:0,2:1,+,0.8931
171,1:0,1:0,,0.5041
172,1:0,1:0,,0.8825
173,1:0,1:0,,0.8457
174,1:0,1:0,,0.7821
175,1:0,2:1,+,0.6292
176,1:0,2:1,+,0.579
177,1:0,1:0,,0.5722
178,1:0,1:0,,0.8597
179,1:0,2:1,+,0.6969
180,1:0,2:1,+,0.6361
181,1:0,1:0,,0.6664
182,1:0,2:1,+,0.6943
183,1:0,1:0,,0.8829
184,1:0,1:0,,0.5562
185,1:0,1:0,,0.6104
186,1:0,1:0,,0.8986
187,1:0,2:1,+,0.7028
188,1:0,1:0,,0.8102
189,1:0,1:0,,0.5917
190,1:0,1:0,,0.6944
191,1:0,1:0,,0.5365
192,1:0,1:0,,0.7734
193,1:0,1:0,,0.771
194,1:0,1:0,,0.7936
195,1:0,1:0,,0.9113
196,1:0,1:0,,0.6396
1,2:1,1:0,+,0.6876
2,2:1,1:0,+,0.6934
3,2:1,2:1,,0.9055
4,2:1,2:1,,0.9054
5,2:1,2:1,,0.6758
6,2:1,2:1,,0.7899
7,2:1,2:1,,0.8869
8,2:1,1:0,+,0.5405
9,2:1,1:0,+,0.8998
10,2:1,1:0,+,0.639
11,2:1,2:1,,0.5574
12,2:1,2:1,,0.8963
13,2:1,2:1,,0.5737
14,2:1,1:0,+,0.6543
15,2:1,2:1,,0.7305
16,2:1,2:1,,0.6304
17,2:1,2:1,,0.675
18,2:1,1:0,+,0.8471
19,2:1,2:1,,0.889
20,2:1,2:1,,0.8077
21,2:1,2:1,,0.5734
22,2:1,1:0,+,0.8425
23,2:1,2:1,,0.7389
24,2:1,2:1,,0.9206
25,2:1,1:0,+,0.5516
26,2:1,2:1,,0.7172
27,2:1,1:0,+,0.7066
28,2:1,2:1,,0.8198
29,2:1,2:1,,0.7788
30,2:1,1:0,+,0.5816
31,2:1,1:0,+,0.5046
32,2:1,1:0,+,0.5011
33,2:1,2:1,,0.9332
34,2:1,1:0,+,0.8524
35,2:1,1:0,+,0.5134
36,2:1,1:0,+,0.8852
37,2:1,2:1,,0.8582
38,2:1,2:1,,0.9785
39,2:1,2:1,,0.9555
40,2:1,2:1,,0.7509
41,2:1,2:1,,0.9084
42,2:1,2:1,,0.8603
43,2:1,1:0,+,0.5869
44,2:1,2:1,,0.7917
45,2:1,2:1,,0.8065
46,2:1,1:0,+,0.5644
47,2:1,1:0,+,0.9895
48,2:1,2:1,,0.9716
49,2:1,2:1,,0.6102
50,2:1,2:1,,0.5385
51,2:1,2:1,,0.5728
52,2:1,2:1,,0.8338
53,2:1,1:0,+,0.7018
54,2:1,2:1,,0.9851
55,2:1,2:1,,0.9924
56,2:1,2:1,,0.7658
57,2:1,2:1,,0.9519
58,2:1,2:1,,0.9833
59,2:1,1:0,+,0.5459
60,2:1,2:1,,0.5012
61,2:1,2:1,,0.9187
62,2:1,1:0,+,0.814
63,2:1,2:1,,0.7439
64,2:1,2:1,,0.8884
65,2:1,2:1,,0.6509
66,2:1,1:0,+,0.6649
67,2:1,2:1,,0.6388
68,2:1,1:0,+,0.6353
69,2:1,2:1,,0.8114
70,2:1,2:1,,0.7631
71,2:1,2:1,,0.9199
72,2:1,2:1,,0.6845
73,2:1,2:1,,0.6239
74,2:1,2:1,,0.7556
75,2:1,2:1,,0.7876
76,2:1,2:1,,0.8862
77,2:1,1:0,+,0.7184
78,2:1,2:1,,0.7713
79,2:1,1:0,+,0.6891
80,2:1,2:1,,0.7355
81,2:1,2:1,,0.9379
82,2:1,2:1,,0.9801
83,2:1,1:0,+,0.6303
84,2:1,2:1,,0.9166
85,2:1,2:1,,0.5927
86,2:1,2:1,,0.6668
87,2:1,1:0,+,0.5475
88,2:1,2:1,,0.9088
89,2:1,2:1,,0.6068
90,2:1,2:1,,0.6178
91,2:1,2:1,,0.518
92,2:1,1:0,+,0.8955
93,2:1,1:0,+,0.6253
94,2:1,1:0,+,0.7146
95,2:1,1:0,+,0.7923
96,2:1,2:1,,0.9125
97,2:1,1:0,+,0.6361
98,2:1,1:0,+,0.5455
99,1:0,2:1,+,0.5687
100,1:0,1:0,,0.8659
101,1:0,1:0,,0.7135
102,1:0,2:1,+,0.8401
103,1:0,1:0,,0.5415
104,1:0,1:0,,0.805
105,1:0,1:0,,0.9786
106,1:0,2:1,+,0.612
107,1:0,2:1,+,0.5267
108,1:0,1:0,,0.9769
109,1:0,1:0,,0.7415
110,1:0,1:0,,0.7778
111,1:0,1:0,,0.7601
112,1:0,1:0,,0.9009
113,1:0,2:1,+,0.9624
114,1:0,1:0,,0.8273
115,1:0,1:0,,0.9579
116,1:0,2:1,+,0.6269
117,1:0,1:0,,0.95
118,1:0,1:0,,0.5122
119,1:0,2:1,+,0.812
120,1:0,1:0,,0.8699
121,1:0,1:0,,0.7778
122,1:0,2:1,+,0.5748
123,1:0,1:0,,0.9535
124,1:0,1:0,,0.7323
125,1:0,2:1,+,0.6256
126,1:0,2:1,+,0.7571
127,1:0,2:1,+,0.5249
128,1:0,1:0,,0.8907
129,1:0,2:1,+,0.7499
130,1:0,2:1,+,0.8703
131,1:0,1:0,,0.7727
132,1:0,2:1,+,0.7571
133,1:0,1:0,,0.6348
134,1:0,2:1,+,0.7303
135,1:0,1:0,,0.9295
136,1:0,1:0,,0.7786
137,1:0,1:0,,0.8772
138,1:0,2:1,+,0.6439
139,1:0,2:1,+,0.8227
140,1:0,1:0,,0.9129
141,1:0,1:0,,0.7808
142,1:0,1:0,,0.7345
143,1:0,2:1,+,0.7829
144,1:0,1:0,,0.9455
145,1:0,2:1,+,0.6648
146,1:0,1:0,,0.9197
147,1:0,1:0,,0.9623
148,1:0,2:1,+,0.6306
149,1:0,1:0,,0.7589
150,1:0,1:0,,0.8366
151,1:0,1:0,,0.9824
152,1:0,1:0,,0.8514
153,1:0,1:0,,0.935
154,1:0,2:1,+,0.9351
155,1:0,1:0,,0.9696
156,1:0,1:0,,0.8695
157,1:0,1:0,,0.9824
158,1:0,1:0,,0.7685
159,1:0,1:0,,0.786
160,1:0,1:0,,0.6959
161,1:0,1:0,,0.6702
162,1:0,1:0,,0.9614
163,1:0,1:0,,0.7056
164,1:0,2:1,+,0.812
165,1:0,2:1,+,0.7783
166,1:0,1:0,,0.8392
167,1:0,1:0,,0.911
168,1:0,2:1,+,0.5262
169,1:0,2:1,+,0.7136
170,1:0,1:0,,0.6497
171,1:0,2:1,+,0.6628
172,1:0,2:1,+,0.6777
173,1:0,1:0,,0.7194
174,1:0,1:0,,0.7786
175,1:0,1:0,,0.9474
176,1:0,1:0,,0.8783
177,1:0,1:0,,0.9827
178,1:0,1:0,,0.5036
179,1:0,1:0,,0.5321
180,1:0,1:0,,0.9337
181,1:0,2:1,+,0.6335
182,1:0,1:0,,0.9492
183,1:0,2:1,+,0.832
184,1:0,1:0,,0.8752
185,1:0,2:1,+,0.5703
186,1:0,1:0,,0.6873
187,1:0,1:0,,0.8717
188,1:0,1:0,,0.6756
189,1:0,2:1,+,0.7443
190,1:0,1:0,,0.9315
191,1:0,2:1,+,0.7738
192,1:0,2:1,+,0.6335
193,1:0,2:1,+,0.9706
194,1:0,2:1,+,0.6819
195,1:0,1:0,,0.5775
196,1:0,1:0,,0.6706
1,2:1,1:0,+,0.8119
2,2:1,2:1,,0.8969
3,2:1,2:1,,0.611
4,2:1,2:1,,0.5575
5,2:1,2:1,,0.9716
6,2:1,1:0,+,0.6858
7,2:1,1:0,+,0.9846
8,2:1,2:1,,0.615
9,2:1,2:1,,0.626
10,2:1,2:1,,0.5822
11,2:1,2:1,,0.8235
12,2:1,1:0,+,0.7106
13,2:1,1:0,+,0.9146
14,2:1,2:1,,0.6893
15,2:1,2:1,,0.9578
16,2:1,2:1,,0.8408
17,2:1,2:1,,0.8176
18,2:1,1:0,+,0.7488
19,2:1,2:1,,0.5334
20,2:1,1:0,+,0.6064
21,2:1,2:1,,0.5091
22,2:1,1:0,+,0.7056
23,2:1,2:1,,0.9037
24,2:1,2:1,,0.6136
25,2:1,1:0,+,0.8774
26,2:1,1:0,+,0.9507
27,2:1,2:1,,0.6381
28,2:1,2:1,,0.7197
29,2:1,2:1,,0.6489
30,2:1,1:0,+,0.5146
31,2:1,2:1,,0.8667
32,2:1,2:1,,0.6972
33,2:1,1:0,+,0.7232
34,2:1,1:0,+,0.8344
35,2:1,1:0,+,0.8561
36,2:1,2:1,,0.9154
37,2:1,2:1,,0.6106
38,2:1,2:1,,0.7428
39,2:1,1:0,+,0.8674
40,2:1,2:1,,0.7531
41,2:1,1:0,+,0.5073
42,2:1,2:1,,0.5054
43,2:1,1:0,+,0.7802
44,2:1,2:1,,0.9162
45,2:1,2:1,,0.9267
46,2:1,1:0,+,0.5111
47,2:1,2:1,,0.9284
48,2:1,2:1,,0.6672
49,2:1,1:0,+,0.5337
50,2:1,2:1,,0.6145
51,2:1,2:1,,0.6501
52,2:1,2:1,,0.7056
53,2:1,2:1,,0.7858
54,2:1,2:1,,0.7354
55,2:1,1:0,+,0.6645
56,2:1,1:0,+,0.5085
57,2:1,2:1,,0.5384
58,2:1,1:0,+,0.6393
59,2:1,1:0,+,0.9662
60,2:1,1:0,+,0.5185
61,2:1,2:1,,0.5799
62,2:1,2:1,,0.5595
63,2:1,2:1,,0.9586
64,2:1,2:1,,0.8127
65,2:1,2:1,,0.6749
66,2:1,1:0,+,0.521
67,2:1,2:1,,0.9525
68,2:1,2:1,,0.7647
69,2:1,1:0,+,0.8822
70,2:1,2:1,,0.6229
71,2:1,2:1,,0.6435
72,2:1,1:0,+,0.6083
73,2:1,2:1,,0.5384
74,2:1,1:0,+,0.7345
75,2:1,1:0,+,0.7092
76,2:1,2:1,,0.5125
77,2:1,2:1,,0.9502
78,2:1,2:1,,0.7655
79,2:1,1:0,+,0.7898
80,2:1,2:1,,0.7491
81,2:1,2:1,,0.812
82,2:1,2:1,,0.8419
83,2:1,2:1,,0.6526
84,2:1,1:0,+,0.8295
85,2:1,2:1,,0.6614
86,2:1,1:0,+,0.7756
87,2:1,1:0,+,0.7971
88,2:1,2:1,,0.9054
89,2:1,2:1,,0.631
90,2:1,2:1,,0.8574
91,2:1,2:1,,0.8419
92,2:1,2:1,,0.7825
93,2:1,1:0,+,0.6624
94,2:1,1:0,+,0.6821
95,2:1,2:1,,0.8001
96,2:1,2:1,,0.7643
97,2:1,2:1,,0.6922
98,2:1,2:1,,0.5673
99,1:0,2:1,+,0.8326
100,1:0,1:0,,0.5081
101,1:0,1:0,,0.5052
102,1:0,2:1,+,0.5467
103,1:0,1:0,,0.9643
104,1:0,1:0,,0.857
105,1:0,1:0,,0.7441
106,1:0,1:0,,0.8787
107,1:0,1:0,,0.7869
108,1:0,2:1,+,0.7652
109,1:0,1:0,,0.8835
110,1:0,1:0,,0.8884
111,1:0,2:1,+,0.881
112,1:0,2:1,+,0.6159
113,1:0,1:0,,0.7263
114,1:0,1:0,,0.9852
115,1:0,1:0,,0.7416
116,1:0,1:0,,0.7139
117,1:0,1:0,,0.5772
118,1:0,1:0,,0.5408
119,1:0,1:0,,0.8606
120,1:0,1:0,,0.561
121,1:0,1:0,,0.671
122,1:0,2:1,+,0.6065
123,1:0,1:0,,0.8807
124,1:0,1:0,,0.6754
125,1:0,1:0,,0.7228
126,1:0,1:0,,0.7289
127,1:0,1:0,,0.8067
128,1:0,1:0,,0.6673
129,1:0,1:0,,0.6712
130,1:0,1:0,,0.818
131,1:0,2:1,+,0.8082
132,1:0,2:1,+,0.6341
133,1:0,2:1,+,0.551
134,1:0,2:1,+,0.5137
135,1:0,1:0,,0.8286
136,1:0,1:0,,0.8522
137,1:0,1:0,,0.6766
138,1:0,2:1,+,0.5886
139,1:0,1:0,,0.834
140,1:0,1:0,,0.715
141,1:0,1:0,,0.6427
142,1:0,1:0,,0.6609
143,1:0,2:1,+,0.5827
144,1:0,1:0,,0.869
145,1:0,1:0,,0.7151
146,1:0,1:0,,0.8565
147,1:0,2:1,+,0.6727
148,1:0,2:1,+,0.6301
149,1:0,1:0,,0.7944
150,1:0,2:1,+,0.7969
151,1:0,2:1,+,0.7262
152,1:0,1:0,,0.8391
153,1:0,2:1,+,0.7056
154,1:0,1:0,,0.5442
155,1:0,1:0,,0.6205
156,1:0,1:0,,0.5064
157,1:0,1:0,,0.9379
158,1:0,2:1,+,0.5591
159,1:0,1:0,,0.9463
160,1:0,1:0,,0.6896
161,1:0,2:1,+,0.6358
162,1:0,1:0,,0.6831
163,1:0,1:0,,0.7782
164,1:0,2:1,+,0.7871
165,1:0,1:0,,0.8422
166,1:0,2:1,+,0.6165
167,1:0,1:0,,0.5152
168,1:0,1:0,,0.543
169,1:0,1:0,,0.6893
170,1:0,2:1,+,0.9196
171,1:0,1:0,,0.905
172,1:0,1:0,,0.5071
173,1:0,2:1,+,0.5598
174,1:0,2:1,+,0.7903
175,1:0,1:0,,0.702
176,1:0,1:0,,0.5047
177,1:0,1:0,,0.6399
178,1:0,1:0,,0.7543
179,1:0,2:1,+,0.5171
180,1:0,2:1,+,0.8112
181,1:0,2:1,+,0.5608
182,1:0,1:0,,0.668
183,1:0,1:0,,0.9802
184,1:0,1:0,,0.9852
185,1:0,2:1,+,0.6698
186,1:0,1:0,,0.7797
187,1:0,1:0,,0.5926
188,1:0,1:0,,0.8004
189,1:0,2:1,+,0.6155
190,1:0,1:0,,0.8252
191,1:0,2:1,+,0.6029
192,1:0,1:0,,0.8515
193,1:0,1:0,,0.6489
194,1:0,2:1,+,0.7903
195,1:0,2:1,+,0.7459
196,1:0,1:0,,0.8161
1,2:1,1:0,+,0.5262
2,2:1,1:0,+,0.9322
3,2:1,2:1,,0.8973
4,2:1,2:1,,0.9
5,2:1,1:0,+,0.5101
6,2:1,2:1,,0.887
7,2:1,1:0,+,0.571
8,2:1,2:1,,0.7117
9,2:1,2:1,,0.6795
10,2:1,2:1,,0.8781
11,2:1,2:1,,0.7831
12,2:1,1:0,+,0.6744
13,2:1,1:0,+,0.7746
14,2:1,1:0,+,0.7497
15,2:1,2:1,,0.589
16,2:1,2:1,,0.7248
17,2:1,1:0,+,0.5497
18,2:1,2:1,,0.6715
19,2:1,2:1,,0.9157
20,2:1,1:0,+,0.6227
21,2:1,2:1,,0.6472
22,2:1,1:0,+,0.501
23,2:1,2:1,,0.7643
24,2:1,2:1,,0.55
25,2:1,2:1,,0.6846
26,2:1,2:1,,0.8956
27,2:1,1:0,+,0.8625
28,2:1,1:0,+,0.5172
29,2:1,1:0,+,0.6753
30,2:1,2:1,,0.8781
31,2:1,2:1,,0.875
32,2:1,2:1,,0.8781
33,2:1,1:0,+,0.6783
34,2:1,2:1,,0.5497
35,2:1,2:1,,0.9293
36,2:1,2:1,,0.7854
37,2:1,2:1,,0.6889
38,2:1,1:0,+,0.6946
39,2:1,2:1,,0.7103
40,2:1,2:1,,0.5441
41,2:1,1:0,+,0.66
42,2:1,2:1,,0.8562
43,2:1,2:1,,0.734
44,2:1,2:1,,0.916
45,2:1,2:1,,0.5855
46,2:1,2:1,,0.8176
47,2:1,1:0,+,0.5896
48,2:1,1:0,+,0.6639
49,2:1,1:0,+,0.6935
50,2:1,1:0,+,0.6226
51,2:1,2:1,,0.6632
52,2:1,2:1,,0.8383
53,2:1,1:0,+,0.6518
54,2:1,2:1,,0.5937
55,2:1,2:1,,0.9173
56,2:1,2:1,,0.6444
57,2:1,2:1,,0.9004
58,2:1,2:1,,0.6586
59,2:1,2:1,,0.6216
60,2:1,2:1,,0.8284
61,2:1,1:0,+,0.5838
62,2:1,2:1,,0.7259
63,2:1,2:1,,0.7433
64,2:1,1:0,+,0.6652
65,2:1,2:1,,0.8284
66,2:1,2:1,,0.7355
67,2:1,2:1,,0.7433
68,2:1,1:0,+,0.5955
69,2:1,1:0,+,0.5397
70,2:1,2:1,,0.815
71,2:1,1:0,+,0.6673
72,2:1,1:0,+,0.6861
73,2:1,1:0,+,0.7638
74,2:1,2:1,,0.6902
75,2:1,1:0,+,0.6843
76,2:1,1:0,+,0.5969
77,2:1,2:1,,0.5485
78,2:1,1:0,+,0.5429
79,2:1,1:0,+,0.7646
80,2:1,1:0,+,0.7638
81,2:1,2:1,,0.6026
82,2:1,1:0,+,0.8335
83,2:1,2:1,,0.683
84,2:1,2:1,,0.7032
85,2:1,2:1,,0.7761
86,2:1,2:1,,0.6404
87,2:1,2:1,,0.7075
88,2:1,2:1,,0.7378
89,2:1,1:0,+,0.7397
90,2:1,1:0,+,0.8237
91,2:1,1:0,+,0.5009
92,2:1,2:1,,0.5942
93,2:1,2:1,,0.7235
94,2:1,2:1,,0.6352
95,2:1,1:0,+,0.659
96,2:1,1:0,+,0.799
97,2:1,1:0,+,0.8685
98,2:1,2:1,,0.8284
99,1:0,1:0,,0.8831
100,1:0,2:1,+,0.7364
101,1:0,1:0,,0.5607
102,1:0,1:0,,0.9205
103,1:0,1:0,,0.6772
104,1:0,1:0,,0.805
105,1:0,1:0,,0.8393
106,1:0,1:0,,0.5397
107,1:0,2:1,+,0.7708
108,1:0,2:1,+,0.6782
109,1:0,1:0,,0.7479
110,1:0,2:1,+,0.8697
111,1:0,2:1,+,0.9226
112,1:0,1:0,,0.8702
113,1:0,1:0,,0.5397
114,1:0,1:0,,0.8393
115,1:0,2:1,+,0.6197
116,1:0,2:1,+,0.9067
117,1:0,2:1,+,0.6573
118,1:0,2:1,+,0.769
119,1:0,2:1,+,0.6329
120,1:0,2:1,+,0.6038
121,1:0,1:0,,0.5665
122,1:0,2:1,+,0.7103
123,1:0,1:0,,0.6584
124,1:0,1:0,,0.89
125,1:0,2:1,+,0.8189
126,1:0,2:1,+,0.9
127,1:0,1:0,,0.5515
128,1:0,1:0,,0.7638
129,1:0,1:0,,0.7397
130,1:0,1:0,,0.6573
131,1:0,2:1,+,0.6198
132,1:0,2:1,+,0.6693
133,1:0,2:1,+,0.8289
134,1:0,2:1,+,0.8284
135,1:0,1:0,,0.9214
136,1:0,1:0,,0.7479
137,1:0,1:0,,0.8179
138,1:0,2:1,+,0.5515
139,1:0,2:1,+,0.936
140,1:0,1:0,,0.6236
141,1:0,2:1,+,0.8697
142,1:0,2:1,+,0.8099
143,1:0,1:0,,0.6242
144,1:0,1:0,,0.5576
145,1:0,2:1,+,0.7362
146,1:0,1:0,,0.531
147,1:0,1:0,,0.9591
148,1:0,1:0,,0.6388
149,1:0,2:1,+,0.8205
150,1:0,1:0,,0.6863
151,1:0,1:0,,0.6298
152,1:0,2:1,+,0.6768
153,1:0,1:0,,0.7435
154,1:0,1:0,,0.5865
155,1:0,2:1,+,0.6398
156,1:0,2:1,+,0.5701
157,1:0,1:0,,0.7445
158,1:0,2:1,+,0.8342
159,1:0,1:0,,0.7103
160,1:0,2:1,+,0.5871
161,1:0,1:0,,0.5101
162,1:0,2:1,+,0.7164
163,1:0,2:1,+,0.7185
164,1:0,1:0,,0.8926
165,1:0,2:1,+,0.7282
166,1:0,2:1,+,0.5315
167,1:0,2:1,+,0.6204
168,1:0,2:1,+,0.8528
169,1:0,2:1,+,0.8921
170,1:0,1:0,,0.9179
171,1:0,1:0,,0.516
172,1:0,1:0,,0.7827
173,1:0,1:0,,0.7742
174,1:0,2:1,+,0.5865
175,1:0,2:1,+,0.5839
176,1:0,1:0,,0.7384
177,1:0,1:0,,0.9428
178,1:0,1:0,,0.8284
179,1:0,1:0,,0.6026
180,1:0,1:0,,0.6767
181,1:0,1:0,,0.5429
182,1:0,1:0,,0.5035
183,1:0,1:0,,0.965
184,1:0,2:1,+,0.861
185,1:0,2:1,+,0.6472
186,1:0,1:0,,0.7362
187,1:0,2:1,+,0.5429
188,1:0,1:0,,0.5636
189,1:0,1:0,,0.5636
190,1:0,2:1,+,0.7135
191,1:0,1:0,,0.6344
192,1:0,1:0,,0.6853
193,1:0,2:1,+,0.5625
194,1:0,2:1,+,0.7502
195,1:0,1:0,,0.7137
196,1:0,1:0,,0.5488
1,2:1,2:1,,0.9236
2,2:1,1:0,+,0.5049
3,2:1,1:0,+,0.5529
4,2:1,2:1,,0.5337
5,2:1,1:0,+,0.8882
6,2:1,2:1,,0.8941
7,2:1,2:1,,0.5325
8,2:1,1:0,+,0.9115
9,2:1,2:1,,0.5369
10,2:1,2:1,,0.9163
11,2:1,1:0,+,0.9057
12,2:1,2:1,,0.7212
13,2:1,2:1,,0.5126
14,2:1,2:1,,0.6881
15,2:1,1:0,+,0.8274
16,2:1,2:1,,0.9145
17,2:1,1:0,+,0.5871
18,2:1,2:1,,0.8699
19,2:1,2:1,,0.8442
20,2:1,2:1,,0.8735
21,2:1,2:1,,0.5636
22,2:1,2:1,,0.9026
23,2:1,1:0,+,0.7456
24,2:1,2:1,,0.5891
25,2:1,2:1,,0.5521
26,2:1,1:0,+,0.9239
27,2:1,1:0,+,0.903
28,2:1,1:0,+,0.7503
29,2:1,2:1,,0.7433
30,2:1,2:1,,0.8759
31,2:1,2:1,,0.9336
32,2:1,2:1,,0.5162
33,2:1,1:0,+,0.7136
34,2:1,2:1,,0.9266
35,2:1,2:1,,0.6731
36,2:1,2:1,,0.7369
37,2:1,2:1,,0.5351
38,2:1,2:1,,0.7783
39,2:1,1:0,+,0.8882
40,2:1,1:0,+,0.7838
41,2:1,2:1,,0.6185
42,2:1,2:1,,0.7845
43,2:1,1:0,+,0.6651
44,2:1,1:0,+,0.8272
45,2:1,1:0,+,0.7519
46,2:1,1:0,+,0.5544
47,2:1,1:0,+,0.794
48,2:1,1:0,+,0.6314
49,2:1,2:1,,0.7665
50,2:1,1:0,+,0.5309
51,2:1,2:1,,0.974
52,2:1,1:0,+,0.9758
53,2:1,2:1,,0.8212
54,2:1,2:1,,0.7623
55,2:1,2:1,,0.86
56,2:1,2:1,,0.7783
57,2:1,2:1,,0.6848
58,2:1,2:1,,0.6487
59,2:1,1:0,+,0.5071
60,2:1,2:1,,0.7798
61,2:1,1:0,+,0.5977
62,2:1,2:1,,0.6296
63,2:1,1:0,+,0.7798
64,2:1,2:1,,0.725
65,2:1,2:1,,0.78
66,2:1,2:1,,0.8316
67,2:1,1:0,+,0.5944
68,2:1,2:1,,0.9769
69,2:1,2:1,,0.8591
70,2:1,2:1,,0.8417
71,2:1,2:1,,0.8212
72,2:1,2:1,,0.6056
73,2:1,2:1,,0.5314
74,2:1,1:0,+,0.8661
75,2:1,2:1,,0.7043
76,2:1,1:0,+,0.9067
77,2:1,2:1,,0.8794
78,2:1,2:1,,0.8966
79,2:1,2:1,,0.9091
80,2:1,1:0,+,0.5139
81,2:1,1:0,+,0.9524
82,2:1,2:1,,0.7686
83,2:1,2:1,,0.5951
84,2:1,2:1,,0.8337
85,2:1,2:1,,0.7454
86,2:1,2:1,,0.9004
87,2:1,2:1,,0.801
88,2:1,2:1,,0.9215
89,2:1,2:1,,0.7469
90,2:1,1:0,+,0.8035
91,2:1,1:0,+,0.9032
92,2:1,2:1,,0.6709
93,2:1,2:1,,0.9386
94,2:1,1:0,+,0.6555
95,2:1,2:1,,0.7583
96,2:1,2:1,,0.9491
97,2:1,1:0,+,0.5681
98,2:1,2:1,,0.8496
99,1:0,2:1,+,0.8554
100,1:0,2:1,+,0.5231
101,1:0,1:0,,0.7783
102,1:0,2:1,+,0.9371
103,1:0,1:0,,0.5931
104,1:0,2:1,+,0.5857
105,1:0,2:1,+,0.7404
106,1:0,1:0,,0.8105
107,1:0,1:0,,0.9147
108,1:0,2:1,+,0.6561
109,1:0,1:0,,0.6681
110,1:0,1:0,,0.6448
111,1:0,1:0,,0.7724
112,1:0,2:1,+,0.8616
113,1:0,2:1,+,0.8934
114,1:0,2:1,+,0.9204
115,1:0,2:1,+,0.7427
116,1:0,2:1,+,0.884
117,1:0,2:1,+,0.5764
118,1:0,2:1,+,0.6769
119,1:0,1:0,,0.762
120,1:0,1:0,,0.7385
121,1:0,2:1,+,0.8696
122,1:0,2:1,+,0.7981
123,1:0,1:0,,0.9016
124,1:0,1:0,,0.535
125,1:0,2:1,+,0.6203
126,1:0,1:0,,0.947
127,1:0,1:0,,0.7748
128,1:0,2:1,+,0.7396
129,1:0,1:0,,0.8307
130,1:0,2:1,+,0.6138
131,1:0,1:0,,0.8784
132,1:0,2:1,+,0.5317
133,1:0,1:0,,0.8938
134,1:0,1:0,,0.8128
135,1:0,1:0,,0.7454
136,1:0,2:1,+,0.6796
137,1:0,2:1,+,0.9283
138,1:0,2:1,+,0.7169
139,1:0,2:1,+,0.7214
140,1:0,1:0,,0.7785
141,1:0,2:1,+,0.5504
142,1:0,1:0,,0.9292
143,1:0,1:0,,0.8405
144,1:0,1:0,,0.9291
145,1:0,1:0,,0.8109
146,1:0,2:1,+,0.7242
147,1:0,1:0,,0.6224
148,1:0,2:1,+,0.8696
149,1:0,2:1,+,0.8394
150,1:0,1:0,,0.9086
151,1:0,1:0,,0.7129
152,1:0,1:0,,0.9738
153,1:0,2:1,+,0.5494
154,1:0,1:0,,0.732
155,1:0,2:1,+,0.862
156,1:0,2:1,+,0.5418
157,1:0,1:0,,0.6396
158,1:0,1:0,,0.9725
159,1:0,1:0,,0.5105
160,1:0,2:1,+,0.6561
161,1:0,2:1,+,0.6955
162,1:0,1:0,,0.6362
163,1:0,1:0,,0.7519
164,1:0,1:0,,0.9256
165,1:0,2:1,+,0.5969
166,1:0,2:1,+,0.8921
167,1:0,2:1,+,0.5002
168,1:0,2:1,+,0.5672
169,1:0,2:1,+,0.8396
170,1:0,1:0,,0.5572
171,1:0,1:0,,0.756
172,1:0,1:0,,0.9499
173,1:0,2:1,+,0.536
174,1:0,1:0,,0.6248
175,1:0,2:1,+,0.8244
176,1:0,2:1,+,0.5127
177,1:0,2:1,+,0.9279
178,1:0,1:0,,0.9093
179,1:0,2:1,+,0.7206
180,1:0,1:0,,0.8997
181,1:0,1:0,,0.6952
182,1:0,1:0,,0.7374
183,1:0,1:0,,0.5123
184,1:0,1:0,,0.5908
185,1:0,1:0,,0.9379
186,1:0,2:1,+,0.6947
187,1:0,2:1,+,0.5552
188,1:0,2:1,+,0.5627
189,1:0,2:1,+,0.738
190,1:0,1:0,,0.806
191,1:0,1:0,,0.97
192,1:0,1:0,,0.758
193,1:0,1:0,,0.8592
194,1:0,2:1,+,0.5588
195,1:0,1:0,,0.9618
196,1:0,2:1,+,0.772
1,2:1,1:0,+,0.8452
2,2:1,2:1,,0.6545
3,2:1,2:1,,0.7048
4,2:1,1:0,+,0.6596
5,2:1,2:1,,0.6913
6,2:1,1:0,+,0.9096
7,2:1,2:1,,0.91
8,2:1,1:0,+,0.7317
9,2:1,2:1,,0.7951
10,2:1,1:0,+,0.8957
11,2:1,1:0,+,0.6657
12,2:1,2:1,,0.5595
13,2:1,2:1,,0.6777
14,2:1,2:1,,0.9306
15,2:1,2:1,,0.828
16,2:1,2:1,,0.7576
17,2:1,1:0,+,0.5989
18,2:1,2:1,,0.5075
19,2:1,1:0,+,0.5815
20,2:1,2:1,,0.71
21,2:1,2:1,,0.8308
22,2:1,2:1,,0.9515
23,2:1,2:1,,0.9445
24,2:1,1:0,+,0.6813
25,2:1,2:1,,0.9398
26,2:1,2:1,,0.9773
27,2:1,1:0,+,0.6063
28,2:1,1:0,+,0.7411
29,2:1,2:1,,0.8592
30,2:1,2:1,,0.5738
31,2:1,1:0,+,0.809
32,2:1,1:0,+,0.9853
33,2:1,1:0,+,0.5339
34,2:1,2:1,,0.5787
35,2:1,2:1,,0.624
36,2:1,1:0,+,0.5739
37,2:1,2:1,,0.9367
38,2:1,2:1,,0.8825
39,2:1,1:0,+,0.8124
40,2:1,2:1,,0.8084
41,2:1,2:1,,0.7613
42,2:1,1:0,+,0.7051
43,2:1,1:0,+,0.5085
44,2:1,2:1,,0.951
45,2:1,2:1,,0.7771
46,2:1,1:0,+,0.5672
47,2:1,2:1,,0.9326
48,2:1,2:1,,0.6682
49,2:1,2:1,,0.7154
50,2:1,1:0,+,0.7003
51,2:1,1:0,+,0.5614
52,2:1,2:1,,0.6356
53,2:1,2:1,,0.8329
54,2:1,1:0,+,0.8815
55,2:1,2:1,,0.8107
56,2:1,2:1,,0.9347
57,2:1,2:1,,0.5946
58,2:1,2:1,,0.7368
59,2:1,2:1,,0.8518
60,2:1,2:1,,0.9368
61,2:1,2:1,,0.8297
62,2:1,2:1,,0.9474
63,2:1,2:1,,0.7859
64,2:1,1:0,+,0.506
65,2:1,2:1,,0.9454
66,2:1,2:1,,0.5405
67,2:1,1:0,+,0.5634
68,2:1,2:1,,0.7386
69,2:1,2:1,,0.9175
70,2:1,2:1,,0.8574
71,2:1,2:1,,0.8854
72,2:1,1:0,+,0.677
73,2:1,2:1,,0.9809
74,2:1,2:1,,0.7474
75,2:1,1:0,+,0.9186
76,2:1,1:0,+,0.8536
77,2:1,1:0,+,0.8802
78,2:1,2:1,,0.6149
79,2:1,2:1,,0.9354
80,2:1,2:1,,0.9237
81,2:1,2:1,,0.6864
82,2:1,2:1,,0.6179
83,2:1,1:0,+,0.8153
84,2:1,2:1,,0.8054
85,2:1,2:1,,0.8912
86,2:1,2:1,,0.5382
87,2:1,2:1,,0.6711
88,2:1,2:1,,0.7678
89,2:1,1:0,+,0.6023
90,2:1,1:0,+,0.6188
91,2:1,1:0,+,0.8052
92,2:1,1:0,+,0.8513
93,2:1,2:1,,0.694
94,2:1,2:1,,0.9458
95,2:1,2:1,,0.7196
96,2:1,1:0,+,0.5493
97,2:1,2:1,,0.8519
98,2:1,1:0,+,0.6608
99,1:0,1:0,,0.8546
100,1:0,1:0,,0.799
101,1:0,1:0,,0.8762
102,1:0,1:0,,0.9518
103,1:0,1:0,,0.6264
104,1:0,1:0,,0.8903
105,1:0,2:1,+,0.5109
106,1:0,1:0,,0.5176
107,1:0,1:0,,0.6884
108,1:0,1:0,,0.5749
109,1:0,1:0,,0.6543
110,1:0,1:0,,0.6536
111,1:0,1:0,,0.9384
112,1:0,1:0,,0.7798
113,1:0,2:1,+,0.529
114,1:0,2:1,+,0.6598
115,1:0,1:0,,0.9728
116,1:0,1:0,,0.9066
117,1:0,2:1,+,0.8508
118,1:0,2:1,+,0.662
119,1:0,1:0,,0.5509
120,1:0,2:1,+,0.6719
121,1:0,2:1,+,0.6461
122,1:0,1:0,,0.6376
123,1:0,2:1,+,0.5142
124,1:0,1:0,,0.9201
125,1:0,1:0,,0.893
126,1:0,1:0,,0.9322
127,1:0,1:0,,0.9227
128,1:0,2:1,+,0.5392
129,1:0,1:0,,0.6055
130,1:0,1:0,,0.6733
131,1:0,1:0,,0.5266
132,1:0,2:1,+,0.5254
133,1:0,2:1,+,0.9053
134,1:0,2:1,+,0.8166
135,1:0,1:0,,0.9638
136,1:0,1:0,,0.6331
137,1:0,1:0,,0.9707
138,1:0,2:1,+,0.8488
139,1:0,2:1,+,0.6898
140,1:0,2:1,+,0.8409
141,1:0,1:0,,0.8104
142,1:0,1:0,,0.9447
143,1:0,1:0,,0.672
144,1:0,2:1,+,0.7439
145,1:0,2:1,+,0.7678
146,1:0,1:0,,0.8332
147,1:0,1:0,,0.7775
148,1:0,1:0,,0.7468
149,1:0,2:1,+,0.7062
150,1:0,2:1,+,0.6311
151,1:0,1:0,,0.9524
152,1:0,1:0,,0.5288
153,1:0,1:0,,0.503
154,1:0,2:1,+,0.6507
155,1:0,1:0,,0.7249
156,1:0,2:1,+,0.6902
157,1:0,2:1,+,0.6902
158,1:0,1:0,,0.9338
159,1:0,1:0,,0.8384
160,1:0,1:0,,0.8554
161,1:0,2:1,+,0.6414
162,1:0,1:0,,0.7021
163,1:0,1:0,,0.9712
164,1:0,2:1,+,0.5535
165,1:0,2:1,+,0.6602
166,1:0,2:1,+,0.5141
167,1:0,1:0,,0.6965
168,1:0,1:0,,0.8222
169,1:0,2:1,+,0.7212
170,1:0,1:0,,0.6852
171,1:0,2:1,+,0.9386
172,1:0,1:0,,0.7848
173,1:0,1:0,,0.597
174,1:0,1:0,,0.7805
175,1:0,2:1,+,0.8707
176,1:0,1:0,,0.5208
177,1:0,2:1,+,0.5504
178,1:0,1:0,,0.8001
179,1:0,1:0,,0.9031
180,1:0,1:0,,0.8568
181,1:0,2:1,+,0.7477
182,1:0,1:0,,0.53
183,1:0,1:0,,0.803
184,1:0,2:1,+,0.5288
185,1:0,1:0,,0.742
186,1:0,2:1,+,0.7485
187,1:0,1:0,,0.7031
188,1:0,1:0,,0.5937
189,1:0,1:0,,0.9361
190,1:0,2:1,+,0.5876
191,1:0,2:1,+,0.7444
192,1:0,1:0,,0.6119
193,1:0,1:0,,0.9536
194,1:0,1:0,,0.8616
195,1:0,2:1,+,0.7833
196,1:0,1:0,,0.708
1,2:1,2:1,,0.6557
2,2:1,2:1,,0.7971
3,2:1,2:1,,0.6529
4,2:1,1:0,+,0.5168
5,2:1,2:1,,0.9139
6,2:1,2:1,,0.5294
7,2:1,1:0,+,0.7863
8,2:1,1:0,+,0.7481
9,2:1,2:1,,0.8361
10,2:1,1:0,+,0.8952
11,2:1,2:1,,0.7635
12,2:1,2:1,,0.7899
13,2:1,1:0,+,0.8857
14,2:1,2:1,,0.9328
15,2:1,1:0,+,0.8179
16,2:1,1:0,+,0.6642
17,2:1,1:0,+,0.912
18,2:1,2:1,,0.8752
19,2:1,2:1,,0.6174
20,2:1,1:0,+,0.588
21,2:1,1:0,+,0.8512
22,2:1,2:1,,0.7469
23,2:1,2:1,,0.726
24,2:1,2:1,,0.9592
25,2:1,2:1,,0.8594
26,2:1,2:1,,0.932
27,2:1,1:0,+,0.8143
28,2:1,2:1,,0.6628
29,2:1,1:0,+,0.6229
30,2:1,2:1,,0.791
31,2:1,2:1,,0.6717
32,2:1,2:1,,0.5911
33,2:1,1:0,+,0.5972
34,2:1,2:1,,0.751
35,2:1,1:0,+,0.8959
36,2:1,1:0,+,0.9232
37,2:1,2:1,,0.6733
38,2:1,2:1,,0.991
39,2:1,2:1,,0.5837
40,2:1,1:0,+,0.8264
41,2:1,2:1,,0.726
42,2:1,2:1,,0.654
43,2:1,2:1,,0.5549
44,2:1,1:0,+,0.929
45,2:1,1:0,+,0.7431
46,2:1,1:0,+,0.8902
47,2:1,1:0,+,0.8104
48,2:1,2:1,,0.9239
49,2:1,1:0,+,0.6276
50,2:1,2:1,,0.9767
51,2:1,1:0,+,0.8902
52,2:1,1:0,+,0.5942
53,2:1,1:0,+,0.9391
54,2:1,2:1,,0.6974
55,2:1,2:1,,0.7481
56,2:1,2:1,,0.6176
57,2:1,1:0,+,0.6822
58,2:1,1:0,+,0.5888
59,2:1,1:0,+,0.6119
60,2:1,2:1,,0.754
61,2:1,2:1,,0.8556
62,2:1,1:0,+,0.5322
63,2:1,2:1,,0.7599
64,2:1,2:1,,0.6856
65,2:1,2:1,,0.8325
66,2:1,2:1,,0.6968
67,2:1,1:0,+,0.8709
68,2:1,2:1,,0.6402
69,2:1,1:0,+,0.5334
70,2:1,2:1,,0.8958
71,2:1,2:1,,0.6306
72,2:1,1:0,+,0.795
73,2:1,2:1,,0.6767
74,2:1,2:1,,0.5995
75,2:1,1:0,+,0.5604
76,2:1,1:0,+,0.9545
77,2:1,2:1,,0.5185
78,2:1,1:0,+,0.7429
79,2:1,1:0,+,0.676
80,2:1,1:0,+,0.6492
81,2:1,2:1,,0.6733
82,2:1,2:1,,0.6513
83,2:1,1:0,+,0.9092
84,2:1,2:1,,0.5419
85,2:1,1:0,+,0.7496
86,2:1,2:1,,0.8775
87,2:1,2:1,,0.6529
88,2:1,2:1,,0.6733
89,2:1,1:0,+,0.83
90,2:1,1:0,+,0.5664
91,2:1,2:1,,0.7229
92,2:1,1:0,+,0.9391
93,2:1,2:1,,0.7423
94,2:1,1:0,+,0.743
95,2:1,2:1,,0.5839
96,2:1,1:0,+,0.5585
97,2:1,2:1,,0.9435
98,2:1,2:1,,0.857
99,1:0,1:0,,0.534
100,1:0,2:1,+,0.5205
101,1:0,1:0,,0.9121
102,1:0,1:0,,0.6014
103,1:0,1:0,,0.8046
104,1:0,1:0,,0.748
105,1:0,1:0,,0.9148
106,1:0,1:0,,0.5671
107,1:0,2:1,+,0.6658
108,1:0,1:0,,0.8716
109,1:0,1:0,,0.5032
110,1:0,2:1,+,0.7078
111,1:0,1:0,,0.889
112,1:0,1:0,,0.9225
113,1:0,1:0,,0.5459
114,1:0,2:1,+,0.7448
115,1:0,2:1,+,0.783
116,1:0,1:0,,0.6251
117,1:0,2:1,+,0.5863
118,1:0,1:0,,0.7902
119,1:0,1:0,,0.5142
120,1:0,2:1,+,0.964
121,1:0,2:1,+,0.5535
122,1:0,1:0,,0.7469
123,1:0,2:1,+,0.6422
124,1:0,2:1,+,0.5846
125,1:0,1:0,,0.9755
126,1:0,1:0,,0.7047
127,1:0,1:0,,0.5955
128,1:0,2:1,+,0.5831
129,1:0,1:0,,0.9513
130,1:0,1:0,,0.6407
131,1:0,1:0,,0.7464
132,1:0,1:0,,0.8211
133,1:0,1:0,,0.8736
134,1:0,1:0,,0.6665
135,1:0,1:0,,0.8667
136,1:0,1:0,,0.585
137,1:0,2:1,+,0.5366
138,1:0,1:0,,0.9838
139,1:0,1:0,,0.8232
140,1:0,1:0,,0.5518
141,1:0,2:1,+,0.7093
142,1:0,2:1,+,0.5712
143,1:0,1:0,,0.848
144,1:0,2:1,+,0.9464
145,1:0,1:0,,0.8583
146,1:0,1:0,,0.5648
147,1:0,2:1,+,0.7504
148,1:0,1:0,,0.8639
149,1:0,2:1,+,0.569
150,1:0,1:0,,0.8583
151,1:0,2:1,+,0.7799
152,1:0,2:1,+,0.6262
153,1:0,1:0,,0.8854
154,1:0,2:1,+,0.8107
155,1:0,2:1,+,0.8452
156,1:0,1:0,,0.504
157,1:0,2:1,+,0.5446
158,1:0,1:0,,0.9191
159,1:0,1:0,,0.9006
160,1:0,1:0,,0.9468
161,1:0,2:1,+,0.7843
162,1:0,2:1,+,0.9307
163,1:0,2:1,+,0.5939
164,1:0,1:0,,0.5823
165,1:0,1:0,,0.5936
166,1:0,1:0,,0.855
167,1:0,1:0,,0.8343
168,1:0,1:0,,0.5459
169,1:0,1:0,,0.8437
170,1:0,2:1,+,0.8504
171,1:0,2:1,+,0.8617
172,1:0,1:0,,0.7071
173,1:0,2:1,+,0.7775
174,1:0,1:0,,0.8169
175,1:0,1:0,,0.8807
176,1:0,1:0,,0.9609
177,1:0,1:0,,0.8718
178,1:0,1:0,,0.6504
179,1:0,1:0,,0.8441
180,1:0,1:0,,0.7822
181,1:0,2:1,+,0.7151
182,1:0,1:0,,0.6101
183,1:0,2:1,+,0.8297
184,1:0,1:0,,0.8912
185,1:0,2:1,+,0.588
186,1:0,1:0,,0.655
187,1:0,2:1,+,0.8
188,1:0,2:1,+,0.6232
189,1:0,1:0,,0.6365
190,1:0,1:0,,0.6524
191,1:0,1:0,,0.6614
192,1:0,2:1,+,0.5232
193,1:0,2:1,+,0.8039
194,1:0,1:0,,0.8532
195,1:0,1:0,,0.588
196,1:0,1:0,,0.96

