19336,25629,64218,81996,-5019.2,78168,-52680,1
17651,26542,61959,83369,-3106.1,72623,-16887,1
25197,29419,63023,74028,742.64,95711,-43465,1
20374,30416,69700,72438,-20038,83097,-36576,1
20726,26244,57636,74219,5580.9,94560,-25264,-1
23470,28010,63196,68952,-4513.3,67384,-54841,1
20875,27649,55868,72469,-17429,56766,-33969,-1
22096,22263,55095,65600,-2763.5,66017,-30886,1
14924,25952,61642,70299,-30911,78479,-37406,1
25816,28602,55381,72145,-3618.8,70181,-28630,1
20854,28579,63596,75941,-2113.5,80372,-24509,-1
19228,27260,60831,66594,-14249,66276,-29225,1
20872,27553,63187,70362,4286.9,85829,-49040,1
16111,31395,59134,63384,-13090,77448,-29212,-1
19837,21587,57833,78108,-1319.3,93416,-30600,-1
22316,24825,64915,62402,-8815.2,85824,-31562,-1
13789,26395,58845,72604,-13448,74492,-25857,-1
18871,28992,63755,70035,-16087,72697,-45129,1
23509,27657,65081,68997,-10712,80728,-50210,-1
20782,27086,58527,70420,7845.1,79951,-27697,1
20662,32339,62968,69716,-1847,73747,-43050,1
27114,30206,61214,71272,-11777,81150,-25488,-1
16179,33280,51887,74542,-6821.1,66948,-42989,1
17850,24765,65978,64843,-4467.3,68840,-19979,1
19313,36162,62646,64371,-3141.3,76098,-37138,-1
19444,26106,60910,67173,-477.96,71121,-52154,-1
18995,27129,64836,61499,-2180.9,67651,-12605,1
20315,25581,60692,72331,2893.7,79953,-22192,1
21565,22856,58635,79981,-8639.7,89112,-46871,-1
17774,32971,53782,74314,-12181,86411,-51568,-1
18838,28096,54572,72197,-213.51,75190,-28174,1
25979,24068,59385,64639,3162,75985,-33657,-1
19078,22535,59331,69993,-12133,64753,-29979,-1
17996,25839,65542,70389,-15876,80762,-51867,1
22204,25405,64268,75221,-13536,74000,-27948,1
23091,30585,62309,69661,-3499.4,86885,-26424,-1
20596,24472,61401,63667,-10333,69739,-28027,-1
22455,23593,52628,69399,-5048.7,74566,-17255,-1
16528,29575,58737,68427,-12936,81446,-51835,1
22878,24651,62520,64492,-17347,62752,-26911,-1
14032,23230,62066,63257,-13840,89104,-35219,-1
28471,30558,65187,73061,-6194.5,68302,-35674,-1
23156,29902,61396,64136,-6607.4,70277,-14655,1
17846,26917,63646,69786,-2031.6,94471,-36336,1
22215,33216,64227,79176,-736.26,78208,-18197,-1
15773,28885,52639,69581,-2084,68567,-37933,1
19617,25922,54437,65548,-10857,81831,-21309,-1
17642,32476,60429,63891,-6723,78945,-52143,1
29227,31671,58933,80599,-5329.2,74130,-46277,1
20559,29129,64461,71336,-536.89,88100,-42056,1
24482,26946,56000,74770,-14736,84531,-49238,1
21998,30800,55269,65880,-6967.2,84684,-20007,-1
17760,24881,60065,62433,-5792.1,84233,-49369,1
17384,31297,61947,73650,2601.8,83068,-12324,1
21808,22440,63193,63702,-6522.4,77203,-39555,1
18697,30500,62827,69683,-16424,79668,-36789,1
20739,32451,59972,78280,2514.7,77747,-20786,-1
27185,29660,57156,77234,3650.7,78997,-33663,-1
18562,25272,60876,67578,-3175.5,99144,-36221,1
16295,27857,52253,68383,-3115.5,97830,-34720,-1
13240,25306,61730,68870,-11119,79490,-49803,1
18376,22881,68600,69128,-2988.8,82050,-28428,1
20540,28870,58860,69411,-15783,83328,-39701,1
22111,25720,65967,74095,-5375.6,74063,-30473,-1
14008,29506,63881,70969,-6279.9,86996,-28822,1
23183,26157,64061,63018,-9093.5,64511,-37008,1
25315,30379,60909,65461,-2941.6,77690,-50947,-1
17715,30574,56192,73034,7353.5,81321,-50894,1
13580,30414,56836,61595,-544.41,85533,-35722,-1
20454,32857,67625,73841,97.721,60168,-43722,-1
19175,32811,61244,71877,-9650.6,81296,-29596,1
20142,29118,56082,69661,4488.9,96589,-32967,1
17872,24365,57459,68733,-11929,77015,-40684,1
22545,30019,66145,65759,-5038.1,95850,-20917,-1
20475,29676,56852,72302,-9780.4,86510,-14520,-1
15300,29289,65408,80195,-14642,63437,-35558,1
19118,32262,62252,80388,-11422,66963,-35445,1
19995,23746,62505,65436,-18991,80788,-27068,1
17119,24280,59248,76065,7647.4,75277,-33673,-1
21567,24287,59421,74187,-12355,83473,-44524,1
20353,20826,56581,68808,2246.8,79566,-21065,1
20831,24429,64068,60598,-1819.2,94886,-33876,-1
25948,24923,64456,64757,-12278,81485,-33854,1
19153,33658,62386,72753,-4519.4,82149,-36871,-1
20617,22949,61096,78123,-1749.5,77663,-52805,1
21105,24542,58686,70038,89.921,82271,-26674,1
13523,25866,54878,71183,-16077,82711,-13106,-1
22522,26397,53317,71364,-14175,85496,-24315,-1
19368,25859,57898,76038,-10860,83530,-46294,1
21115,25814,61023,69602,-5591.6,88890,-29007,1
25025,23107,58791,72404,-12366,83576,-17816,-1
19336,28526,69415,75196,-11893,80526,-33660,1
22866,23132,60388,64500,186.78,90060,-32033,-1
23126,31076,51623,72514,-7248.5,80217,-42004,-1
19674,30838,59647,67899,-7807.9,75360,-30938,-1
17467,30155,66090,77321,-6671,74203,-31795,1
22038,30458,65246,68678,-6088.8,77155,-15339,-1
27350,19858,60703,67757,5601,73136,-25049,1
24676,23679,56118,70086,-6286.6,81346,-21868,-1
20249,25682,59648,65297,-1808.6,73937,-47365,1
17541,24705,64445,80268,-5700,81300,-18742,-1
18891,32453,65734,66494,-1092.7,82924,-40916,1
18930,30804,56986,72380,-7826.1,89159,-21702,1
21057,26619,57755,74106,-11179,85597,-28935,-1
21703,30756,65476,71093,-929.97,83323,-51345,1
21736,28127,68629,78689,-28323,80484,-41056,1
21548,28774,62691,65278,-3756.2,84524,-33332,1
19651,27337,58843,60275,-5592.9,77018,-42697,-1
25033,31408,63373,75349,-2878.2,79320,-50346,1
27331,33347,58961,73892,-7718.3,74124,-21627,-1
20612,26790,64676,70024,-4546.8,84066,-43701,1
17531,36401,59106,66775,-7717.6,83154,-57789,-1
15240,31683,58148,68897,-15473,90062,-23473,-1
16326,28406,58052,67036,-5769.1,66392,-30687,-1
17054,23726,60287,75477,-20425,75268,-41173,1
24214,28699,61933,64634,-9456.5,85658,-36136,-1
19007,31934,62704,72183,-9674.1,83095,-42364,1
24707,27787,59650,70210,3681.2,79992,-20646,1
13077,30615,57338,76196,-11382,1.0625e+05,-34256,1
21682,29103,60908,79185,-1377,67200,-45875,1
20256,21688,61499,74522,-5793.9,67485,-39867,1
18997,32559,56866,73171,-4889.9,70656,-43992,1
21146,25012,61255,74776,-931.07,77551,-53449,1
16792,27228,62999,69893,-16869,76879,-35515,1
18367,28290,56670,70808,-8160,63513,-29541,-1
22934,25575,58394,69721,-3774.8,88970,-38695,-1
16761,23480,60031,73353,-10216,67580,-30726,1
22052,28289,65120,67394,-12580,84788,-40584,1
18681,22564,59108,69212,1327.3,81795,-29305,-1
19007,31934,62704,72183,-9674.1,83095,-42364,1
20142,29118,56082,69661,4488.9,96589,-32967,1
15226,24971,64598,75278,-8609.6,71791,-25316,-1
20252,21637,67385,72817,-3724.8,92113,-23532,1
23751,32166,67986,69630,8725.4,85083,-42296,1
21256,28251,58174,64434,762.13,75387,-9732.8,1
22107,32543,63256,64360,-4861.2,84568,-39973,1
23018,30069,62581,80336,-8025.8,92796,-13917,-1
15932,28009,63998,63943,-15477,79947,-32216,-1
16840,28621,57316,75518,-8381.6,86346,-48689,-1
19669,31506,58557,64396,-3837,81638,-31197,1
20100,26516,66521,66251,-4638.6,73715,-6646.4,1
24528,25856,64762,62538,-2969.8,83003,-34340,1
19145,30884,59305,62539,-6461.9,82866,-36671,1
19756,25424,64022,71820,-1680.6,1.0381e+05,-17247,1
21608,22704,62062,70729,10190,83343,-28678,1
23384,24190,58536,60851,4998.1,68070,-26701,1
24579,27876,58964,84295,-10329,78259,-28126,-1
23195,32964,60206,77171,-17577,66528,-29984,1
21808,22440,63193,63702,-6522.4,77203,-39555,1
27695,27079,60974,71208,-11217,70051,-28139,-1
15497,26596,62617,73338,-7557.2,69076,-35050,1
15851,26685,58870,65341,-7941.2,71746,-28016,-1
19300,25457,66569,75211,-10013,89836,-14342,1
18830,31153,58624,68375,8677.4,81681,-38016,1
18059,27674,51863,66821,-4314.6,94158,-37333,-1
22483,27700,61831,73406,-12550,76120,-26741,1
22014,27922,58457,70918,-5397.4,82448,-18836,-1
19155,28069,59406,70811,-1990.9,69258,-37910,-1
21117,27547,65500,69238,-21018,82205,-31241,1
19651,30053,54371,70131,-11763,85497,-36300,1
21721,28819,68224,65027,-17236,80065,-37741,-1
21065,28508,61101,71125,2373.1,92164,-36526,1
20243,30101,56833,71694,5109,74300,-36753,-1
22530,24194,57125,69665,-2693.6,82885,-33844,-1
17433,21815,63044,74209,-11465,93930,-22062,1
15094,26762,58489,71658,-1429.4,79787,-24430,1
22296,25711,52020,73883,-3326.7,87870,-50070,1
18256,27966,64600,67551,-10292,79633,-32801,1
17582,29085,58855,80372,-5704.9,85813,-45285,-1
17847,26071,56012,77442,-13625,79653,-11831,1
20101,26801,60684,63896,8157.2,68322,-30826,1
23333,30395,68812,75756,-15910,90141,-34921,1
16553,26055,63916,73699,-12800,88464,-43699,1
21813,26917,59006,63341,6885.5,89829,-30977,-1
15815,22223,62120,71076,-2341.9,77448,-16836,1
17147,28554,57420,63253,-27970,76865,-31457,1
19529,28453,57085,68651,-7216.6,76852,-52657,-1
25528,21744,61810,73570,1959.2,85256,-52483,1
22380,21682,60924,64404,1926.4,70460,-8748.5,1
16430,29724,59941,65072,-17721,79763,-31338,1
25197,29419,63023,74028,742.64,95711,-43465,1
22129,22127,66154,68822,-13786,80072,-34401,1
26977,25708,66877,65534,-5400.8,80079,-52862,1
22503,29191,66717,71362,-1875.9,88376,-16722,1
22711,31442,67485,70922,-10794,79250,-34042,1
22336,25862,58863,70372,-10281,80865,-23394,-1
17719,29663,64300,74157,-10161,71978,-29237,1
23371,31800,62834,76078,-6643.9,91363,-12297,1
23662,25913,62305,61464,-21608,80755,-26920,1
19349,32021,55851,64855,-5692.5,75196,-54291,-1
20984,30252,65215,71299,-1615.7,80637,-45083,1
18412,31229,59156,65193,-9980.5,82696,-23928,-1
13838,30360,57744,75043,1093,90291,-35954,-1
21587,27727,54116,68636,-5615.6,85068,-34607,-1
20678,31900,59038,66122,-10062,88833,-32880,-1
18596,25502,52766,65950,-15376,81954,-15247,-1
22859,23917,64102,71167,-15802,83846,-38773,1
19060,28004,56841,83139,-535.52,92206,-33644,-1
19568,33481,68016,71436,-1787.8,75002,-41290,-1
27184,28283,60553,65364,3313.6,89343,-33539,-1
25943,27530,58320,74780,-617.41,89823,-43316,1
13915,32758,66980,62423,-21781,70578,-29078,-1
21127,29424,61296,76583,-3489.2,72122,-47893,1
21958,26924,62035,62582,-8125.5,82096,-45121,1
18719,30005,54473,72452,-384.28,80245,-39859,1
19474,31804,62539,76649,1901.4,79198,-29950,-1
17858,31160,58779,75297,-10587,86629,-33712,-1
24263,26499,59351,74382,-4524.4,83614,-7964.3,-1
26283,27722,61508,62724,-9130.5,65887,-19515,1
21315,24063,58562,65645,-15488,91601,-28136,-1
16402,28587,59682,67870,11242,75277,-33683,1
18460,26626,56890,74283,-12680,61424,-35784,1
21085,22534,67534,77438,-9011.1,73267,-13529,-1
20186,31521,52604,73192,-8143.2,91581,-45526,-1
21459,23115,65697,65766,-1751.8,71103,-40787,1
14036,28027,62113,72388,-3617.2,76887,-16802,1
22181,24940,57651,77943,-1288.6,78918,-38049,-1
24670,29587,62320,82403,-16261,60638,-39593,1
23524,27759,60838,60546,-9045,1.0252e+05,-8556,-1
20715,28850,61149,71012,-12283,86990,-55742,1
22537,30634,61271,67510,5838.9,92644,-44090,1
16203,22757,60068,66913,-13879,64571,-28362,-1
18095,32927,63959,64618,-6282.6,75341,-5805.2,1
25775,23896,62190,75720,-5175,65462,-36525,-1
20358,25432,61839,73357,-15534,79466,-32017,1
21242,26948,64932,75937,-11239,68466,-27755,-1
18636,30042,59890,71582,1189.4,82471,-14096,1
17213,31985,52134,73777,-8290.1,74916,-18449,-1
19104,27779,67354,68260,788.86,90605,-27776,-1
21244,26746,67475,69212,-964.17,85282,-50265,1
18584,28061,58109,75775,-12153,89508,-24139,-1
21355,27700,53637,67146,749.09,73150,-27580,1
17020,27245,64557,74995,-603.63,93604,-15030,1
17453,24993,59662,74690,1265.9,79588,-51987,1
22752,30928,69608,75089,-10520,92388,-20718,1
17660,29208,58372,68016,5480.4,77063,-33890,1
19063,24406,60643,63178,-9592.8,77148,-30257,-1
25816,28602,55381,72145,-3618.8,70181,-28630,1
18628,29053,58631,77099,-11852,78861,-20660,1
17872,24365,57459,68733,-11929,77015,-40684,1
26675,27969,58116,71037,-8004.3,60060,-38907,1
19531,27498,61651,74478,-6532.2,80207,-18479,-1
25330,27222,62977,74831,10876,88690,-31705,1
21546,30862,55354,69500,-1979.2,71273,-49215,1
20112,28446,62883,62566,-10033,74039,-23596,-1
22192,32028,55785,78521,-6853.8,79083,-23364,1
22068,25624,64391,75294,7407.4,76117,-37586,-1
20336,29281,61241,65190,-3885,72476,-35313,-1
15302,38365,61000,63092,-7263.2,83263,-52109,1
23010,27446,57662,68449,-5048.8,87596,-38760,-1
18592,30434,57062,73241,-14479,80797,-46074,1
28785,28770,62398,71358,2235.9,79792,-43394,-1
26620,31033,65887,63503,-12274,78791,-30944,-1
16270,33791,64449,67682,-4741.6,64356,-44006,1
17193,31242,58397,67797,-553.87,68294,-26633,-1
19304,26596,63126,68079,-12131,69949,-27554,-1
19063,30827,51002,72443,-6173.2,75697,-37855,1
22179,24994,60618,79897,-1673.7,76498,-26257,1
16871,27186,60647,73471,-9394,82073,-55039,1
24027,31458,61235,77974,-1839.7,78689,-42393,-1
20877,29718,53458,70318,-12861,79653,-35239,1
24461,27210,60498,74856,-5967.2,86702,-43059,-1
23954,22579,59540,78171,-8481.3,94022,-46794,-1
18886,25619,60846,64038,496.79,91716,-36506,-1
19222,24961,62811,70202,3649.9,80896,-41533,-1
16664,31507,56062,67875,-5037.8,86601,-42343,-1
20750,26488,63292,62772,-6248.2,80775,-38298,1
16444,23677,60205,78198,-12711,64568,-37524,1
19129,38154,56124,70965,3213.1,77905,-21676,1
19295,27510,57001,68314,-10681,67864,-49185,1
22239,29605,64422,74035,7162.8,78810,-28097,-1
20715,28935,61509,65860,8796.2,76674,-38005,-1
21317,27921,68457,73267,-14588,88552,-34029,1
17527,26685,58042,69305,9169.1,75457,-27030,1
19229,29600,60068,66401,-3961.4,92178,-24941,-1
18875,27965,62934,74936,2011,71170,-40860,-1
19922,26507,58715,66305,-16603,82890,-44146,-1
19866,26224,57777,67901,-11008,87215,-31201,-1
18345,25688,60371,77940,7517.1,75230,-39964,-1
13140,29311,63074,73080,2309.2,85751,-36364,-1
24263,26499,59351,74382,-4524.4,83614,-7964.3,-1
18922,28168,60595,74388,8034.7,85498,-32629,1
20292,25331,61958,65522,-1232.2,87283,-32152,-1
19132,30056,63769,66236,-2127.1,71477,-29933,1
25800,28508,58922,71631,-12242,85235,-29247,-1
25018,30229,51682,71706,2210.1,75173,-22289,-1
20806,25325,59749,78217,-12896,73942,-30292,1
20636,21443,59753,77545,-16070,69708,-29709,1
24084,30141,64040,74154,-6257.1,80107,-51868,1
22158,27310,54424,75109,-3976.4,79588,-37877,-1
20327,28466,62632,72088,-8517.3,89441,-27781,1
20430,31979,65283,64292,-414.99,75023,-47930,1
16476,28361,61425,75837,10187,78368,-37111,-1
19780,28361,59755,66581,-16770,76349,-31214,1
23402,32251,63877,80340,5554.6,81544,-19805,-1
17676,31932,62857,71146,1907.6,87509,-45936,1
16027,28289,56250,70505,-1372.3,92650,-39934,-1
20112,28446,62883,62566,-10033,74039,-23596,-1
22285,22548,57096,65278,-1431.9,69585,-44991,1
26777,27177,59725,72598,-7037.7,84342,-47057,-1
20613,23002,58088,71842,-6825.1,89910,-44998,-1
21182,25428,63418,69932,-13791,84778,-50065,1
19574,26396,66545,71152,1681.5,77821,-43533,-1
24425,32437,62916,77375,10024,81550,-27917,-1
20106,25583,59073,67141,-3575.9,87736,-39212,-1
15987,27914,66786,68143,-13145,83053,-40479,1
20285,28076,55092,69297,3736.9,84177,-31401,-1
17354,29531,62955,72536,-15436,69126,-28743,-1
19586,25347,62255,72737,-22859,95351,-33814,1
20802,27700,59764,73696,-7809.2,75445,-39923,1
24591,24744,61347,77071,9252.7,81110,-26803,-1
17512,30416,62291,62441,-26177,78333,-27064,1
23233,23647,61580,83182,1914.2,76232,-25905,1
18974,27494,55359,69355,-8362.5,78599,-44584,-1
15254,25325,64145,70248,-4080.6,85307,-49758,1
19212,28584,62145,67210,-6130.9,69138,-27271,1
21650,29194,58828,76144,-9628.6,79043,-57538,1
20684,25608,62420,80466,-10073,92666,-19906,-1
23553,29463,58598,74436,6241.3,90419,-29005,-1
20354,25397,56829,73506,-5410,75366,-25984,1
17060,32222,59589,70781,-7674.6,67807,-32391,-1
18969,28690,65792,73955,-5607.2,88950,-33703,1
16375,24155,59584,76294,3792.2,77735,-35313,-1
18533,26729,60738,69198,-4438.9,76977,-13639,1
17614,28678,63605,78461,8545.8,75332,-18340,-1
23771,27910,58527,71694,-19722,82966,-20107,-1
17611,33428,60005,74107,-9014.4,81368,-50423,1
21028,24913,58435,73180,-8856.5,82379,-42607,-1
18404,25961,61363,74125,-5543,93127,-22756,1
18293,27783,55546,67094,5518.8,82554,-32482,1
24297,36384,54227,76036,-5509.8,73949,-18662,-1
16427,31202,58321,72774,-657.99,83317,-21330,-1
20317,29413,64632,71455,-8211.6,67288,-23695,1
19831,31597,59400,66544,-9222.9,61876,-32140,-1
22068,25624,64391,75294,7407.4,76117,-37586,-1
21145,31823,67058,71694,12.617,74391,-43893,-1
17237,29930,54972,69358,-16508,90278,-22529,-1
13856,31070,60392,70191,149.1,95738,-36526,1
24579,27876,58964,84295,-10329,78259,-28126,-1
19084,32064,55306,77769,-20755,87250,-42067,-1
22247,28254,60217,72449,-14178,64691,-28486,-1
27350,19858,60703,67757,5601,73136,-25049,1
20044,31605,63165,59033,-8091.3,95132,-13278,-1
16251,24756,65097,65356,-1063.9,75428,-3446.7,1
20519,24871,62592,64711,-12327,84141,-19700,-1
17627,29192,64676,64952,-3750.7,75568,-35171,1
22408,30625,57762,65936,-1062.1,70525,-29673,-1
24279,29748,62562,75983,-4856.3,63255,-39547,1
15939,20670,59573,75682,8242.3,79314,-30933,-1
15776,30150,62498,74705,-6312.1,90996,-21053,1
14147,27660,61937,62500,-16477,86840,-29563,-1
24786,30573,61376,81673,-9796.8,70318,-41050,1
22510,31267,59458,76663,-10653,65406,-20697,-1
20186,27764,61794,77887,-11232,91028,-36814,1
24589,25300,63885,78077,-1442.3,77942,-42653,-1
18422,24997,62572,63201,-4107.6,80145,-38279,1
20530,26304,53826,63865,-2379.4,68179,-41997,1
18920,29340,61613,74234,-6651.8,94459,-17028,1
18870,30297,63099,70719,667.03,80576,-49216,1
19238,29401,54793,68377,-5573.4,69218,-36894,1
18285,25487,59945,67535,6721,76878,-30426,1
24309,25624,60004,69834,-7194.5,65364,-40995,1
23897,28471,63618,67062,-4948.5,82980,-19152,-1
18367,32852,62045,70712,8780.5,83106,-33844,-1
21834,28488,59971,66838,-7218.7,75346,-13227,1
19129,29241,61937,75208,-17177,91017,-35066,-1
16636,33668,60044,73080,5511.2,89088,-42557,1
21537,27605,62957,75237,-11667,67339,-29324,-1
14760,27751,65525,67426,-8874.4,78226,-28790,1
22562,25241,63487,73079,-17596,81954,-33836,1
23998,28690,61262,68657,-3968.2,78538,-50482,-1
20042,29897,63992,80836,-12466,71606,-35930,1
18003,25388,63585,81202,8286.5,75036,-40292,-1
21241,24458,58232,81117,-4369.6,89550,-42141,-1
18970,27110,65110,68910,-2953.2,75388,-34321,1
18389,28782,63285,73577,-18517,81572,-35643,1
17651,27933,60330,63701,-20543,79820,-30477,1
17020,27245,64557,74995,-603.63,93604,-15030,1
18936,27930,58927,75464,-4121,81109,-37676,-1
19160,23579,62866,77504,-10122,68536,-33915,1
15864,20039,53113,72950,2487.8,85384,-33053,1
24096,29188,61000,64959,-8122,85538,-27736,-1
15042,33653,66880,71127,6061.7,82228,-48354,-1
20711,30779,56425,71208,-18743,89797,-24259,-1
20584,30660,64347,70004,-7384.9,77630,-20737,-1
17855,30169,54343,63265,-5503.1,96114,-30787,-1
20030,25237,60929,68745,-12790,82267,-45320,-1
19499,29536,62789,69547,-12446,82836,-36264,1
17108,29141,59748,68087,-6708.4,66731,-14645,1
18360,25065,65801,70116,-6900.4,74471,-28940,1
24084,23776,58119,71152,-13971,72784,-24938,-1
20502,22013,59175,67076,-13483,65005,-26560,-1
24283,28813,59639,65148,-9236.5,65870,-17617,1
20583,30389,57671,67261,-18560,76948,-41168,1
16389,25122,64639,63934,-8811.6,65379,-16338,1
25674,31990,60110,71500,725.43,74189,-24865,-1
24593,22356,62380,72161,-10432,74914,-27476,-1
19148,28433,64097,72959,-15492,68706,-29391,-1
18766,26586,56603,67485,-16978,83727,-33679,1
24031,24521,59966,73191,8304.1,78494,-35912,-1
22136,32169,56983,65126,-14259,87275,-24757,-1
16074,27448,68582,74469,-9400.5,91111,-28964,1
20058,26658,61969,74708,1333.4,80663,-56481,1
19710,26664,63591,74563,-21667,77181,-40516,1
16213,30360,62771,74260,-10430,97923,-20130,1
16859,27634,65768,72664,-29233,82654,-46838,1
16049,29886,66366,68601,-15652,80349,-33914,1
20966,26961,55203,72862,-9630.4,81722,-21671,1
23566,23987,54982,69283,13380,81664,-17061,1
19068,24448,60423,75785,-14398,72911,-29763,1
22729,28755,59772,68384,-14236,79665,-38738,1
22291,26170,66850,75626,-16311,83471,-36854,1
26043,31887,63532,68569,-9545.9,66863,-26151,1
21556,25398,55076,76547,-4371.4,80126,-37011,-1
13845,29082,58264,58540,-7158.8,87159,-35824,-1
15855,27436,60511,76011,1719.8,82114,-31237,-1
21676,18966,60190,75651,-18213,76189,-36072,1
22073,21243,59480,69752,-9338.3,64903,-27673,-1
14751,30807,62557,82342,-18834,78835,-44631,1
21774,25056,67607,78619,-8149.9,71044,-27064,-1
20232,22557,63742,66206,4587,77332,-17905,-1
24707,27787,59650,70210,3681.2,79992,-20646,1
17934,28540,58961,72835,-8841.1,94874,-19995,1
11801,25792,65103,64585,2887.2,85742,-47349,-1
14338,31447,55733,70962,-15490,78688,-40597,1
16551,23685,59267,77401,-14022,82200,-26532,-1
17789,24137,55987,65955,-14323,57751,-35703,-1
21613,29023,60379,71107,4809.2,90385,-30196,1
19505,36712,62905,71719,-10930,65389,-48105,1
14213,30217,57681,69308,431.91,93879,-39747,1
24273,29548,59113,68314,-6903.1,78549,-18866,-1
20681,25647,59508,67663,-8015.7,76887,-46073,-1
17805,22118,62279,62838,342.48,71377,-33269,-1
21048,27428,60376,82057,-19776,75133,-34005,1
15548,28129,58981,78180,-4641.4,67370,-39057,1
15209,27019,61611,76980,-3523.7,84229,-29093,-1
23035,30490,58591,71456,-6913.9,83521,-25282,-1
18985,30978,63160,80943,5051.8,81852,-23568,-1
17985,25537,58204,72448,-7013.6,93608,-31917,1
20976,32385,60157,70968,6771.3,81350,-40607,1
22085,26741,72069,70568,4773.2,82181,-41103,-1
20100,26789,62241,66314,9793.1,73121,-40633,-1
18417,24707,60414,84351,-702.71,69708,-42175,1
16381,23357,57175,65479,-7026.6,89605,-33848,1
15627,25691,58588,74172,-12778,1.0568e+05,-28650,1
20333,27961,58250,72749,-16458,82909,-18980,-1
20489,31879,62744,75278,8820.2,82153,-28015,-1
22533,30878,63618,76358,5728.4,83256,-30108,-1
20230,25488,66449,62203,-10241,81907,-23566,-1
18906,23617,56355,63887,2270.8,73473,-22839,1
18656,27034,61991,73332,-4138,68066,-27835,-1
20426,22727,61436,68067,-11345,79853,-21298,-1
17727,24050,56950,75328,-2249.5,80744,-37876,1
21270,30244,60848,71705,-4040.7,83477,-24309,-1
17892,27444,60216,63721,1096.7,71285,-36781,-1
21202,22739,53320,64425,-18751,85709,-29863,1
20727,24947,61561,79342,991.95,72397,-45967,1
24039,28085,57956,69805,-13582,88924,-27284,-1
21296,31370,57936,74586,-4284.8,86019,-46793,-1
20622,28910,58652,68997,-16368,77813,-38161,1
20992,24417,56556,68171,-6493.5,80086,-48345,-1
16554,23554,62764,74740,-2447.2,75470,-53370,1
26019,27841,57525,70693,-3427,84996,-42785,-1
14833,30684,59174,62399,-7091.9,82826,-46799,1
22992,23637,68644,62597,-15882,72036,-29750,-1
15884,30078,64050,63435,-4400.1,86004,-30669,-1
22269,34822,66536,75767,3210.6,76176,-52351,1
22742,28446,59299,71257,-6243.5,68920,-37920,1
22926,28997,58141,64843,-8580.4,80662,-25432,-1
14783,34056,66253,77856,-8636.5,72141,-24343,1
12444,31170,59427,69904,-6947.1,69397,-30410,1
21933,26573,59514,65696,-13394,90046,-30827,-1
18636,30042,59890,71582,1189.4,82471,-14096,1
17230,21048,57364,68957,9954.3,80640,-32200,1
23080,26415,68858,73689,511.74,87545,-34638,1
25156,22970,55941,60177,-9708.8,78211,-26417,-1
21099,30990,60685,76059,-4930.3,69557,-41784,1
24080,28930,55158,68142,8.8952,78612,-40846,1
16432,25785,61285,72379,-2194.3,80358,-45482,1
19181,25501,63679,83557,-16677,70833,-30124,1
18383,25425,56141,67825,-15465,77832,-32993,1
28798,26080,55007,71869,-16995,74129,-35387,1
21135,35838,62640,63472,-11066,82839,-31440,-1
18902,25948,60002,60639,-18817,88723,-35115,-1
22656,25768,62632,70107,-8221.2,79626,-48677,1
16698,20490,60229,73268,-13666,88244,-30631,-1
18445,28272,59342,84721,-9280,79550,-17956,1
22125,25500,62235,80325,-9638.7,75361,-17811,1
21653,25071,58855,71518,219.66,72636,-27912,-1
17696,30676,66320,75099,-488.67,91365,-43964,1
13723,31220,61175,73617,-2260.5,78958,-49736,1
29169,29069,64027,75417,-15281,92585,-21161,1
25600,26976,57765,71425,1747.9,81205,-21506,-1
26019,27841,57525,70693,-3427,84996,-42785,-1
17655,26047,59744,66155,-19272,80275,-35838,1
17520,28104,68149,74615,-7046,93017,-17510,1
20169,30966,58585,77667,-13616,84840,-19760,1
21973,27787,62932,72039,-13128,77002,-30954,1
19181,37438,60362,65904,-2866.1,81186,-34492,-1
20982,24412,58474,68957,5625.4,77858,-30405,1
20701,27175,62319,74845,-10972,71314,-10044,-1
21375,24794,59769,70539,-4569,89397,-12831,-1
13208,31887,63088,72331,-8789.9,91916,-20564,1
14970,25847,60187,71449,-11477,81682,-27613,1
15469,33320,54354,74465,-8543.2,90063,-37500,-1
18400,23737,59806,63780,2603.3,66342,-42804,-1
17197,25466,67969,74577,-19688,81769,-39109,1
17908,28228,61553,73033,3172.7,82951,-30376,-1
20988,25149,60515,74023,-7535.7,83619,-18189,-1
22582,25725,62626,69771,-675.58,77612,-17620,1
22935,24934,63049,71835,-6159.2,75252,-57257,1
15901,17889,59963,64386,-3462.8,75868,-56903,1
19422,28636,59975,79851,-7797.4,77615,-28599,1
14659,29134,58255,75777,644.35,78572,-22504,-1
19060,28004,56841,83139,-535.52,92206,-33644,-1
15615,29742,63213,77662,3459.2,80128,-29235,-1
18572,24456,58062,72777,-9292.9,74388,-18602,-1
19255,29082,62789,77098,759.48,77343,-22254,-1
18842,25646,67935,68363,-7448.4,81765,-32872,1
17470,32507,56556,66853,-3377.2,75452,-61295,1
13777,25590,56863,70477,-11599,82802,-39799,-1
18179,30368,66865,72778,-5689.5,74480,-38156,-1
19332,27694,57739,72367,-7118.1,80102,-28042,1
18390,32127,60163,64084,-6379.5,86265,-23661,-1
20380,24784,62122,75019,1371.3,85932,-38264,1
19929,27310,57972,69532,6521.5,78868,-24783,1
21757,33139,58770,65357,-3312.9,79598,-28435,-1
18496,25768,62538,74485,-10421,66835,-25282,-1
19865,29075,64718,81801,-12125,81961,-47618,1
19678,26553,58726,77654,-9276.2,90417,-43143,-1
22751,19475,59359,64071,-7545.2,90498,-35340,-1
21921,25209,65288,65703,-4305.5,83246,-37479,1
21414,29010,68246,71276,-17189,79061,-35522,1
20555,23045,64306,63303,-7160.8,98912,-22497,-1
18199,23317,58270,70135,7523.3,82175,-28655,1
19163,23160,61445,65442,-6023.7,76708,-37919,1
13342,31160,65293,65103,3459.2,75373,-45013,1
15980,25288,55130,67862,-14778,84226,-21612,-1
16159,33008,59339,68652,-11773,82082,-26770,-1
19278,28556,61739,63501,-8396.6,76061,-47208,-1
18751,29937,62430,80344,-18277,87283,-31852,-1
20271,26967,60480,74877,-6725.2,91505,-41625,-1
22919,24770,64105,71964,-7132.9,93903,-38007,1
25580,30229,59598,66367,-9820.1,67550,-23409,1
17357,29447,59726,75611,-9193.1,75556,-19795,-1
19832,34032,63755,70081,-8498.4,77186,-13957,1
17666,29753,58893,72688,-19617,63222,-30153,-1
24394,25104,66090,63744,-12944,87626,-31871,-1
25097,26741,58032,75268,-3579.3,72657,-14845,-1
16960,29442,65735,74801,-13619,82416,-39835,1
17255,22493,66117,63352,-109.62,65487,-44846,-1
21133,28392,56215,73398,-12015,76520,-15651,-1
20622,28910,58652,68997,-16368,77813,-38161,1
18161,27109,59511,69855,-4167.3,72703,-26224,-1
22138,29367,62058,73869,-3886,73223,-46171,1
24970,25412,61547,74401,-178.05,86316,-46017,1
23828,25302,62525,70802,-1665.3,83680,-28553,-1
23387,31485,58962,66395,-12423,82408,-22672,-1
22419,28239,68308,74879,-10138,74167,-8196.4,-1
17515,28460,63742,71971,-113.58,72913,-43876,-1
18936,29614,66140,71673,-8815.4,71687,-23536,-1
18346,24127,61267,72974,-416.58,80886,-43597,-1
23439,28593,57803,70790,-15153,59334,-29650,-1
15495,25928,64835,70085,-6182.3,88729,-25798,1
20088,27045,59304,64426,-21266,81815,-33082,1
13060,24339,61263,85569,7493.4,72177,-40142,-1
16593,31232,65563,73404,-7030.7,72743,-55164,1
15988,30296,60151,70315,5129.6,85907,-23090,1
20013,27089,61181,71177,4230.1,88667,-38431,1
21208,24090,59647,68332,-22668,78331,-39212,1
20431,32437,64746,72447,6336.5,81095,-33193,1
21219,27068,53359,64949,-8193.8,83835,-19614,-1
21913,28055,61874,71095,5937.6,80251,-34458,-1
18147,25974,64818,75897,-19408,81047,-30946,1
21777,25114,56917,69808,-10244,83053,-35771,1
23184,23281,64527,72771,-1857.1,67473,-44323,-1
20195,31193,55409,71512,-6815.7,86197,-40335,-1
17174,26446,63745,64495,3214.9,72760,-11839,1
24756,23114,66669,76370,-10136,80381,-33521,1
18053,30157,54118,71423,-262.06,70248,-25503,1
25104,32671,55958,73591,-12112,83030,-43206,-1
22459,23611,67373,63942,-2091.1,62810,-37381,-1
16758,27870,56117,65912,-17089,90548,-28398,-1
22776,26923,63123,83463,-1836.5,76024,-20020,-1
23734,28299,60533,72815,-15890,89383,-35663,-1
18352,26794,61794,72757,-9071,67020,-49664,1
20555,28810,58816,67041,-7373.6,81983,-51351,-1
21748,23558,59251,64779,-4207.3,88502,-28807,-1
17551,27470,56252,69757,-1733.1,82163,-41862,-1
23922,29076,66443,72476,-13884,83583,-37791,1
21117,27547,65500,69238,-21018,82205,-31241,1
21515,27183,58511,56136,-14983,90663,-28874,-1
17847,25403,55054,70797,-5108.6,80679,-42329,-1
16452,26490,59667,74516,1840.3,75848,-21462,-1
20683,28706,58023,76557,-3889.1,90673,-38761,-1
17925,25641,59683,78474,5564.3,84510,-30364,-1
22715,28004,59320,70562,-12710,82172,-17805,-1
18098,27858,54586,74385,-7015.8,70578,-42884,1
22609,27294,59688,73503,-10996,75909,-19948,-1
21168,30677,57562,78631,-15812,83761,-6408.3,1
24346,25016,59029,73194,-11822,87279,-13167,-1
16981,20351,61053,76443,-24019,72532,-39485,1
23443,26436,65829,73329,-25566,78514,-38954,1
26420,31233,65272,64933,-2517,67926,-38207,-1
21172,24152,60372,72394,-3806.5,93096,-31049,1
20545,27637,58166,72947,-3102.2,81605,-23569,-1
15853,22601,59451,72396,6633.1,83756,-39452,1
20395,29524,63935,73875,-17576,97136,-38598,1
19682,33571,61644,71115,-8996.4,96051,-42974,-1
19463,26157,65067,73615,-2894.1,96218,-31583,-1
20413,28912,59445,64947,-6615.1,90134,-18741,-1
18562,26994,58591,61375,-10542,69952,-26461,-1
19032,28015,66059,65143,-6694.8,67783,-33812,1
22252,23327,63181,70469,-13356,80126,-58025,1
18417,24707,60414,84351,-702.71,69708,-42175,1
17700,31260,61813,72537,-3803.8,75191,-22839,-1
20969,28305,64084,78991,-7001.7,91026,-41232,-1
16071,27110,59335,80772,-13802,72842,-32987,1
15688,21554,58595,69075,-3688.4,71675,-36946,1
22838,26695,65093,68411,-17784,90351,-33104,1
21705,27435,66242,75098,-5772.9,89937,-27326,1
23360,27166,60611,82465,-15880,90559,-31114,-1
23295,26793,65826,73666,6121,80739,-23635,-1
24521,30073,61920,72577,-1435,84841,-20722,1
16056,32466,64018,72629,-798.62,75364,-19198,1
18628,28946,60359,65946,-23005,78651,-33356,1
17549,25827,61299,80033,4548.2,73659,-51535,1
16264,20603,63368,77323,-19274,69626,-28467,1
16251,24756,65097,65356,-1063.9,75428,-3446.7,1
20861,30007,61424,73156,-9323.3,87076,-42799,-1
19586,24198,59531,70895,3797,86102,-28159,1
20618,25175,63827,71891,6641.4,80740,-26153,-1
19538,28490,57679,58620,-7028,73531,-49004,-1
18129,23175,66817,69966,637.57,67243,-35418,-1
16388,25970,66980,67493,7641.4,79461,-36104,-1
16664,31507,56062,67875,-5037.8,86601,-42343,-1
21099,23992,62488,69741,-12948,72057,-29068,-1
20174,28239,56271,60180,1199.8,85031,-33402,-1
17822,34627,58851,63806,2299.7,78439,-34797,-1
22732,23810,65210,74426,-3700.6,78374,-39634,1
19802,29862,58613,63277,2517.8,90560,-35631,-1
23158,25202,61707,72749,-20327,65164,-31408,-1
19629,25847,64142,71407,-6634.2,69252,-27720,-1
16594,21855,57292,74143,2612,80261,-41958,-1
21342,26574,53515,69554,-8961.8,63331,-31925,1
21677,26268,61514,64699,-10620,87863,-33087,-1
14711,27185,52715,72749,-15655,88214,-24235,-1
21084,25924,61912,72684,6872.5,81682,-32297,-1
20584,30660,64347,70004,-7384.9,77630,-20737,-1
20233,27996,59538,74845,458.44,92861,-37681,1
18267,24078,57192,73097,-14045,86555,-24957,-1
24912,26205,58487,80509,-19287,69031,-32825,1
16573,28810,67403,67057,-15099,83661,-39798,1
15042,33653,66880,71127,6061.7,82228,-48354,-1
20654,29742,58989,80211,-3405.3,74634,-38096,-1
16532,28958,61138,75170,-4049.5,75087,-36101,1
21719,27176,57497,78681,-2754.3,77827,-38342,-1
19974,25011,60719,74490,-13157,67754,-24254,-1
14709,32609,64148,63218,-13611,77575,-29927,-1
15558,27387,62210,69341,-5845.6,71155,-51673,1
23207,27547,66328,67992,-807.49,78917,-40168,-1
22255,33730,65226,79086,-3775.1,78334,-13169,-1
23085,31901,55781,68513,-7976,82275,-47949,-1
16259,33220,55753,71503,-11198,66643,-46818,1
17527,35358,61969,70439,-18718,82703,-32885,1
21963,31157,55560,75058,2418.7,83807,-40681,1
26058,24638,65715,70222,257.96,84135,-32940,-1
17319,32131,69993,64013,-3384.4,70063,-25762,1
19211,24625,65093,70228,-7668.8,87356,-33894,1
15485,33429,54117,66220,-4847.2,72959,-49142,-1
18484,29074,61023,65864,-7271.6,72592,-15186,1
17533,29304,53516,78809,15632,62188,-39985,-1
18445,24788,64829,62598,-13811,68182,-32804,-1
16203,22757,60068,66913,-13879,64571,-28362,-1
22925,30267,53535,73932,-4448.1,68229,-46221,1
22197,30083,57796,66928,-723.93,85058,-35298,-1
13965,18319,60510,67121,-6878,65356,-18976,1
23838,31317,60084,61807,-10110,83271,-27370,1
21356,23495,54843,59453,-28.234,85735,-42308,-1
18186,32480,58847,78496,-2928.9,84486,-33461,-1
17367,26992,62840,71847,-1311,70474,-13643,1
17147,28554,57420,63253,-27970,76865,-31457,1
23411,36048,59650,64372,-4976.9,92026,-37637,-1
20924,33152,57156,59110,-12704,94628,-20658,-1
21071,26127,59428,62067,442.04,84848,-31071,-1
20879,28795,60747,62434,-6864.2,64677,-25268,-1
22180,28412,56166,65604,3473.3,70502,-28150,1
23723,25899,60282,69271,-11146,66583,-29475,-1
21751,28245,61614,76938,3000.8,78502,-23654,-1
18099,25720,61460,70138,-3820.8,68579,-36069,-1
19692,28476,63056,68779,-2463.8,75067,-35313,1
21656,31407,62390,75925,5602.9,79528,-30590,-1
17410,30995,61176,63821,332.6,80450,-41609,1
20750,27248,56150,77140,-17218,84378,-46976,1
22625,35129,64296,79248,-24540,77739,-42946,1
24598,25542,56714,67163,4165.4,84563,-24028,-1
21127,31817,61163,65613,-20020,82841,-47023,-1
17764,29441,59800,71985,7536.2,81396,-31896,1
18296,25192,64330,69072,1574.9,80274,-48278,-1
20871,30587,68169,69668,-12524,82773,-44101,1
17841,27570,57227,71090,-14757,76672,-29256,-1
17174,26446,63745,64495,3214.9,72760,-11839,1
21053,24930,67281,64726,6383.1,85511,-37018,1
16554,23465,55515,68248,-14917,84204,-24715,-1
25784,29442,60027,72994,1861,81037,-40834,-1
27521,33814,59881,65484,-15334,85854,-19190,-1
17846,33571,62229,66047,-1190.4,76613,-13646,1
21145,31823,67058,71694,12.617,74391,-43893,-1
20589,30726,59465,75080,-6339.6,63616,-38337,1
20321,23209,55276,67740,-5636.6,91330,-40998,-1
25312,28822,60058,66314,4665.5,76037,-13996,1
20782,26801,66432,68666,-5278.5,66772,-19082,1
18303,27227,63340,71087,-10906,96968,-26801,1
16218,30314,62869,70120,-11043,67901,-40741,1
21628,32213,52371,71439,-3900.2,72618,-50105,-1
21048,28701,62717,71374,-12066,74158,-25770,-1
16758,26867,64224,70228,-4220.2,81559,-45060,1
16882,31121,56945,63783,-3331.6,77792,-47571,1
20706,27763,64333,66655,-2997.3,71996,-37738,-1
27331,33347,58961,73892,-7718.3,74124,-21627,-1
19649,21577,61806,67951,-5579.5,66344,-27564,1
19288,35818,62123,63889,-10983,76497,-62181,1
18672,26009,60516,69032,5835.7,78055,-15990,-1
17170,29782,67147,64549,-4389.5,86338,-29304,1
14976,30515,63123,65980,-23084,77759,-24891,1
19651,30053,54371,70131,-11763,85497,-36300,1
21726,26025,66676,71125,-4769.9,87983,-25132,1
14154,30136,60900,65887,3224.1,89732,-29382,-1
18303,26884,63422,74212,4168,77832,-27193,-1
23494,25295,58211,78825,-4454,90654,-41206,-1
15997,29037,54484,65107,-10670,90850,-23091,-1
24254,31359,66900,72378,-5130.2,70096,-22524,-1
22475,31813,58149,78861,5655.1,77132,-21493,-1
23917,32596,61168,65000,-1278,76316,-33546,-1
18445,28272,59342,84721,-9280,79550,-17956,1
23811,31050,60068,79361,3202.8,79216,-28725,-1
25131,28724,57528,68385,712.11,77792,-35618,1
22257,24453,66277,72375,-10950,91016,-26711,1
16480,33107,63992,74773,-9308.4,67902,-36024,-1
22714,37464,60745,63541,-25731,79148,-31154,1
24384,24053,67862,63820,2727.5,69440,-47104,-1
17750,28602,66960,70671,-15838,82804,-32958,1
20469,30814,64998,70960,-7132.9,85461,-54295,1
23662,28256,58505,65969,-1896,75538,-35975,-1
23132,29973,53570,78854,-991.99,75313,-51248,-1
16341,26593,63443,69071,1122.6,72813,-47688,-1
19863,34756,58344,66576,-8589.8,83429,-21102,-1
20112,30506,57844,71015,1713.5,86892,-9514.4,1
17559,32752,62313,69030,-477.01,71708,-21579,1
21639,19679,63012,68400,-14298,87054,-33094,1
17140,27418,64808,71523,-10331,78333,-53425,1
22366,31845,57068,71287,-11609,78380,-55303,1
20992,19536,61743,66249,6245.4,94463,-32108,-1
13060,24339,61263,85569,7493.4,72177,-40142,-1
25674,30491,59973,76531,-2613.4,77724,-46491,1
19503,26916,64496,71350,-9577.4,90193,-32974,1
17123,24674,56811,74180,-9049.2,71631,-46198,1
21182,25428,63418,69932,-13791,84778,-50065,1
25468,28434,62933,73691,-1120,69932,-41824,-1
23089,29538,64120,62146,-7766,80319,-51288,1
16480,33107,63992,74773,-9308.4,67902,-36024,-1
14985,29046,59480,73310,-13140,86180,-27375,-1
15834,32048,64095,69174,5000,90992,-32520,1
25838,35442,60069,63100,-3887,79016,-39474,-1
18693,26464,61298,77068,5141.3,82373,-30278,-1
23330,23970,56739,72766,-17517,82342,-48714,1
21341,24794,55559,69240,-3911.8,84042,-43144,-1
16924,24244,52924,77000,1076.8,70051,-21149,-1
20341,28502,59189,61905,-1655,84737,-43412,-1
20767,22022,55916,70999,5010.3,78712,-28862,1
22288,31287,62432,76467,-7933.1,70380,-34478,1
19746,24318,62222,75247,-4108.3,71690,-54156,1
18095,32927,63959,64618,-6282.6,75341,-5805.2,1
17749,27189,64620,77198,7147.1,83674,-34724,1
22449,29050,59045,74895,-5119.9,80860,-47444,1
17266,32432,65803,69909,266.21,74893,-27500,1
24014,23284,57190,72671,-26877,68185,-28336,-1
17120,24901,57266,69735,2621.8,86520,-19923,1
18411,32073,61039,73992,-20356,81546,-35939,1
23610,29209,54854,75030,1101.8,80125,-27164,1
22349,23810,64967,58782,4.4406,80499,-36371,1
19084,30714,65537,70316,-13979,75425,-58099,1
21529,26673,64335,75311,-4396.5,69540,-35896,-1
19448,33150,66119,62476,1967.9,65052,-31203,-1
24128,28718,55367,68831,-332.42,78080,-35802,1
22311,32172,59634,68585,-14457,86009,-16842,-1
22244,30107,54000,62534,-17697,81176,-33293,1
23512,27296,56532,73601,-8218,91713,-44597,-1
18383,28264,55335,73387,-11336,87752,-31132,-1
19882,28750,60898,76036,-4415,1.0028e+05,-33520,-1
15825,23397,61654,63924,151.51,82758,-35928,1
19004,23638,61472,71180,-5627.8,69417,-30025,-1
23073,22289,62606,64484,1779.1,87786,-31128,-1
20845,26386,64126,63212,-15205,77818,-28904,-1
12252,28146,67117,73154,-2900.2,71528,-35030,-1
26743,26748,63771,74355,-790.72,95125,-40961,1
19058,26116,59820,64816,-9013.6,69844,-18921,1
16021,31514,58254,66158,8801.6,76039,-30101,1
16159,33008,59339,68652,-11773,82082,-26770,-1
23533,26772,62173,80673,-11351,73917,-32063,1
18733,31341,60734,63803,-13176,68686,-33021,1
13823,29300,66536,76147,-9412,89802,-26531,1
17179,25854,62401,71785,-2041.8,84001,-45343,1
18382,24350,57550,71709,-9984.3,79557,-53847,1
25038,29603,60823,60467,-12311,87298,-30401,-1
25674,30491,59973,76531,-2613.4,77724,-46491,1
19371,24220,57345,75604,-12319,90354,-21959,-1
17520,28104,68149,74615,-7046,93017,-17510,1
19492,26642,60267,78273,-9545.6,89528,-23535,-1
22167,25782,61788,64734,-11348,80004,-26481,-1
22833,26172,60768,78419,-13572,81704,-19793,1
17581,33512,66198,70363,-5134.4,93840,-25889,1
26325,30095,67043,72868,-223.25,99781,-16156,1
20776,28024,56658,71652,1466,75920,-38837,-1
18213,26538,64122,72201,-5418.7,93500,-24612,1
20575,26356,61851,68106,-14817,79683,-29718,1
15111,27762,61483,74239,3848.8,95320,-27425,-1
20713,26438,57579,74098,-9679.3,86212,-35675,-1
22302,27159,64980,63361,-3574.8,79676,-57010,1
21371,33497,62463,76150,-9615.3,83654,-28341,-1
22596,23132,56979,67251,-3116.9,73118,-35047,1
20371,28051,63521,71316,5509.8,83328,-46262,1
18540,26224,63574,69513,-993.46,70312,-35872,-1
15743,26900,61930,76615,-11782,61536,-37284,1
21012,28474,62997,70126,-4008.9,81316,-44374,1
17419,23054,68494,67273,-3430.3,86357,-45503,1
16826,28362,59520,68988,-2212.5,89621,-24735,-1
16774,24952,58644,72870,-7811.6,64897,-42562,1
25005,27932,62730,72916,1542.9,82811,-30795,-1
15127,26736,63949,70251,-8061.6,88495,-27930,1
20015,28539,59242,66478,-2232.8,72081,-26626,1
19360,24128,61141,78725,-6717.5,70605,-32998,1
23113,26026,56898,68221,-4473.7,70034,-32679,1
15258,27046,59030,72139,-17810,73600,-28304,1
26648,25563,58854,71985,-5186.1,72271,-34521,1
22379,24628,57902,61402,-5070.7,91777,-27799,-1
20118,27183,64855,64240,-12095,85226,-33590,-1
13471,28218,59745,65431,2508.3,74963,-37545,1
22701,25298,62121,67225,-8888.8,69205,-15845,1
20631,26654,58380,68328,-11046,85101,-48807,-1
17191,25497,57527,71889,-19683,86668,-35164,1
23480,27973,55923,72159,-7479.2,65084,-47890,1
17636,24377,57997,75228,2281.6,75503,-52635,1
16399,31530,62354,70103,-8218.8,66436,-32055,-1
16348,31348,59908,65100,-11242,78864,-22880,-1
18571,30765,61579,66129,2985.9,87777,-36021,-1
25641,33945,60995,77427,-14340,90189,-26938,-1
15052,34306,60863,67281,-20840,77003,-39758,1
20262,29359,67357,63560,-5606.7,80710,-38321,1
21488,27535,53871,74159,-1951.8,69022,-33250,1
25585,27242,56805,71569,-9959.2,83124,-31859,-1
18516,31767,61998,75715,-11225,90515,-25078,-1
16935,28231,64047,74457,9298.1,81988,-22489,-1
17351,27253,61446,75327,-4153.4,73401,-46314,1
20271,26464,63320,66648,-11463,78606,-28894,-1
25216,26699,60434,68495,-424.08,80668,-23415,1
23677,33068,52164,75146,-7583.6,72190,-13589,-1
14192,23725,67383,69242,6860.6,73473,-39688,-1
24767,27879,60730,65643,-6294.3,92496,-28118,-1
26207,26183,61357,62537,-6570.4,81078,-49557,1
19870,27475,60340,65090,-9241.4,67076,-15625,-1
15483,33309,63028,73214,-6292.1,69616,-28176,1
20869,24627,60983,67782,-9762.6,61081,-11708,1
21949,22477,60351,62885,-3238.2,62290,-32818,1
21064,24755,61875,67255,2732.2,81069,-41811,-1
16508,24415,55765,74940,3796.3,77900,-35590,-1
22215,25331,58974,76641,-1393,70474,-47215,1
26951,26543,60048,70803,-2868.6,71257,-39563,1
20591,28183,60187,71244,-11264,69829,-45954,1
21662,24449,58982,70864,-2477.4,81124,-22839,1
17170,29782,67147,64549,-4389.5,86338,-29304,1
20483,29833,62395,69915,-9297.9,58280,-34437,-1
16214,28213,56854,66760,-1388.3,72748,-56700,1
25100,23520,57532,71316,-10465,74000,-18361,-1
22518,26563,56879,62517,-20288,84902,-27036,1
22214,29603,58651,75166,7745.8,78671,-29553,-1
22675,24398,58751,73441,-16534,72526,-29028,1
24524,27033,58341,62139,956.93,69143,-19739,1
20010,29731,58326,69865,-17781,77162,-12565,-1
19310,22463,61953,81470,-20624,63726,-38148,1
23362,26319,63272,68577,2424.5,90378,-36916,1
21474,30092,59416,61616,-6253.1,78582,-24390,-1
23032,22780,58556,81096,-12264,75490,-47721,1
25580,30229,59598,66367,-9820.1,67550,-23409,1
22102,26426,61554,60774,-6136.2,87357,-29297,1
19289,26436,55614,79011,3598.1,80081,-21269,1
16238,29432,63859,79802,-6020.7,70631,-10717,-1
16127,29803,60584,75965,-3688.2,69926,-37150,1
27044,24789,53814,70081,-13831,82315,-40954,1
21028,27876,60045,71110,-9233.6,86804,-26365,1
15110,32668,54746,73512,-4103.1,92130,-40352,-1
20013,30209,59451,66003,-6929.5,80094,-53488,1
17501,27146,58690,74963,-5079.5,82080,-34289,-1
21978,29737,61791,79621,-8477.1,74255,-18421,-1
19533,22329,60291,78918,-13853,87614,-51343,1
21393,29598,66300,74171,-9615.9,89068,-26954,1
22916,25580,59069,68820,-7646.7,81741,-26576,-1
15614,27350,59849,79532,4179.8,77899,-31957,-1
18376,22881,68600,69128,-2988.8,82050,-28428,1
19946,30097,60165,70515,9203.8,79648,-28806,1
25948,24923,64456,64757,-12278,81485,-33854,1
20701,33017,67428,71928,-14057,84661,-36401,1
17119,24280,59248,76065,7647.4,75277,-33673,-1
17715,26148,59760,75152,6866.6,73481,-41139,-1
21491,25094,57012,68042,-10670,93550,-18600,-1
17741,31766,61732,72804,2933.9,78003,-31005,-1
18633,30429,61743,74411,-13274,69144,-30095,1
21565,27820,54262,66290,-7990.7,86472,-30498,-1
19789,27670,61274,76126,-1671,90180,-37431,-1
24796,31603,63610,68782,-975.07,72026,-61037,1
21099,30990,60685,76059,-4930.3,69557,-41784,1
21064,34618,59272,71424,4204.2,83972,-44889,1
19456,30689,58365,71041,-9067,69473,-16832,-1
18776,32081,54556,70154,-4991.8,68302,-43178,1
25309,33404,57948,79625,325.71,92417,-34497,-1
19529,28472,56668,65057,-3166.1,74359,-40631,1
28341,30458,65463,63997,-617.46,73918,-6525.9,1
16831,29180,63015,63862,594.44,80359,-32330,1
15703,25493,56009,70784,-21646,89351,-28583,-1
18314,31273,63834,74260,-8046,70139,-21395,-1
16039,25907,67332,63869,-10807,69926,-25312,1
19325,26207,59059,66292,-9670.8,64666,-27188,-1
20589,32446,57908,75721,2626.7,80229,-25015,1
16205,30356,62398,58659,-16463,71335,-26730,-1
21024,27288,59263,62395,-19767,81632,-37257,1
22925,30267,53535,73932,-4448.1,68229,-46221,1
18239,25047,64070,72224,-7377.1,66912,-24986,-1
21529,26210,56732,69762,-4029.9,75710,-45974,1
15488,26425,60781,77057,-5623,76329,-28619,1
22236,26614,55027,60693,1127.1,80188,-41933,-1
19797,28275,63435,69510,-6506.1,63673,-15753,1
23779,23728,55521,79434,-4706.2,72457,-42566,1
25468,28434,62933,73691,-1120,69932,-41824,-1
19906,22230,52530,68727,1406.9,79215,-45417,1
19005,27879,63000,63994,-13642,81001,-34738,-1
18567,27480,59569,65413,10294,73422,-32439,1
22656,31518,59701,67445,-4119.7,81718,-41195,-1
23857,25742,62753,62365,-12618,83558,-30277,-1
19946,30097,60165,70515,9203.8,79648,-28806,1
12775,29875,57558,69444,-3219.2,77565,-51264,1
16468,25060,54972,72354,-15708,88474,-36318,-1
20626,28476,61173,71623,-11298,79677,-26179,1
23834,25373,63693,75798,1442.7,76746,-19486,-1
22378,25753,64025,67600,-5669.7,84908,-31203,1
17970,28821,63610,62267,-6376.8,69055,-36492,-1
20511,24826,62644,69296,-10441,75947,-24870,-1
16671,24129,66415,65858,-2135.8,89265,-28564,-1
20353,33063,59830,67470,6911.7,74445,-36179,1
18383,28264,55335,73387,-11336,87752,-31132,-1
20058,28381,59034,74270,-1619.6,79334,-36435,-1
19941,22352,53810,58837,-15035,78860,-39490,-1
20216,27826,60500,63997,-14899,83027,-48146,-1
26951,26543,60048,70803,-2868.6,71257,-39563,1
19014,27775,58949,73417,-16970,85731,-51659,1
20217,27023,63301,81393,-5654.7,68090,-23333,1
16864,29619,56307,66518,-4531.6,69733,-40243,1
19002,25816,62075,73564,1136.7,72540,-22442,-1
21145,20936,67076,72273,-2116.9,76667,-28083,-1
15577,21924,57063,75158,-4878.4,89391,-42229,-1
15933,27855,55477,77368,8048.5,71639,-45712,-1
18424,24267,66792,71622,10354,76230,-37327,1
27461,23921,53438,70931,-11575,79636,-37788,1
22417,30784,60070,73098,-6782.1,91222,-17885,-1
15030,29728,59738,73746,-12754,69031,-35576,1
18879,29230,54452,69812,-6121.4,65334,-45436,1
22306,28160,57753,76802,-11352,81619,-49313,1
20631,29839,66732,72328,3314,83500,-43329,-1
20356,27405,60723,67085,-6235.9,74014,-48030,-1
15670,25743,58519,76385,5203.2,77022,-24908,-1
20161,26655,55167,68431,-21624,84992,-32492,1
19467,30765,55798,72643,2428.8,68444,-29808,1
20169,24606,55434,76906,-8689.8,90998,-47310,-1
20831,24429,64068,60598,-1819.2,94886,-33876,-1
19892,29095,56706,66641,-3174.8,70368,-33857,1
24264,25268,56446,71633,-13067,75007,-19971,-1
21808,28646,57486,72539,-4505.1,75057,-18947,-1
18312,28572,65851,72864,-14619,73731,-31491,1
21068,27139,59750,60288,-18505,84914,-22744,1
20077,28223,61173,69951,-11290,88403,-23314,-1
15385,24329,61184,69893,6594.6,75726,-44729,-1
20305,29453,62207,75406,-3483.1,78001,-36323,1
18611,25440,63121,61316,-20070,72980,-34721,-1
20930,25538,58710,82084,-4849,77159,-10169,1
14246,28423,59775,74626,-14125,84368,-47859,1
25585,27242,56805,71569,-9959.2,83124,-31859,-1
25262,28048,56104,70921,-12536,84290,-25163,-1
25060,27099,50364,71879,-3174.8,73961,-20714,-1
21156,23211,58292,74515,-15327,89499,-38088,-1
20258,32166,59826,75411,-3212.6,81906,-20792,-1
18125,32413,57091,72713,-8014.3,82172,-35142,-1
19462,29427,64243,71465,-12571,79445,-26984,1
21954,26390,63481,69962,-6414.5,74117,-47788,1
20646,26192,56400,79149,-11861,81496,-28444,-1
16205,30356,62398,58659,-16463,71335,-26730,-1
20212,27262,57760,66458,6667.3,74721,-25387,1
23405,27069,58890,77200,-7572.8,76519,-27586,1
16836,28243,61052,65995,-7373,74243,-14548,1
19332,27694,57739,72367,-7118.1,80102,-28042,1
23668,25761,63778,62992,-2517.8,72592,-38905,-1
21832,28209,67357,74549,4065.7,67700,-38722,-1
17374,28029,61680,73942,-3950.8,86844,-25009,-1
19111,28498,64723,75409,6650.6,77904,-30960,-1
17027,25213,63567,63628,-14902,73048,-30267,-1
26380,29083,58052,78489,-1993.9,71736,-40656,1
19515,27597,71020,62683,-22105,83331,-37544,-1
18231,25921,62984,69847,-4621.5,74912,-21417,1
23156,29902,61396,64136,-6607.4,70277,-14655,1
15729,29477,61740,72528,-24882,76725,-41588,1
25104,32671,55958,73591,-12112,83030,-43206,-1
20521,31186,64210,71338,-14380,95394,-28300,1
20617,28831,59962,64786,-5122.3,66296,-21038,1
18757,23756,62427,64349,-2457.3,77372,-51291,1
22213,23738,54442,71348,-6748.2,66344,-43121,1
18920,29340,61613,74234,-6651.8,94459,-17028,1
26283,27722,61508,62724,-9130.5,65887,-19515,1
15841,28114,51359,80564,-7575.8,82185,-12368,1
22725,24930,58486,60478,-12934,75402,-43835,-1
13941,31635,67443,67774,-4045.9,67301,-13321,1
19517,26255,64449,82972,-5045.6,74184,-24837,1
21048,27428,60376,82057,-19776,75133,-34005,1
18628,29053,58631,77099,-11852,78861,-20660,1
19436,24787,63572,74831,-8582.9,90069,-21788,1
22839,32156,61836,67771,-5664.5,69627,-41281,1
17255,24267,58345,74105,-14033,72455,-32548,-1
17581,33512,66198,70363,-5134.4,93840,-25889,1
18594,23493,61589,73931,-1216.7,94283,-45435,1
21848,24477,64297,63376,-8566.4,95718,-22392,-1
17103,29319,60735,71905,-12627,68963,-23586,-1
15372,31821,61577,63899,-6513,78659,-42996,1
21151,28032,58765,75065,10840,77602,-41210,-1
16211,22565,59347,85167,-14249,76578,-12733,1
17710,25646,56093,67472,-9478.5,61709,-39671,1
14099,32868,57819,73987,-7538.5,79554,-22496,1
17134,23599,59104,77220,-13526,66079,-37026,1
29169,29069,64027,75417,-15281,92585,-21161,1
15928,27945,61452,63894,-913.23,63386,-36775,-1
23498,26995,61493,64757,-7000.1,65255,-20084,1
18339,34813,62503,77110,2384.5,74318,-15206,-1
22822,25846,55778,65422,-2221.3,95357,-36213,-1
17452,26938,60028,68578,-10144,87085,-27860,-1
16570,26521,63156,66438,16549,77059,-41654,1
20807,26945,62748,74912,-13543,66090,-32085,1
18424,24267,66792,71622,10354,76230,-37327,1
21589,20269,60312,67867,918.85,76272,-15936,1
18301,25552,63058,62196,-4418.8,71323,-9098.8,1
18336,27377,56191,72256,-2270.8,80847,-22118,1
26076,33002,67442,65770,1159.6,98541,-41297,-1
16522,24700,60979,61968,-3648.9,81001,-36766,1
13777,25590,56863,70477,-11599,82802,-39799,-1
22253,26662,64111,76220,-5703.8,78280,-33377,1
17596,38706,63115,66375,-572.56,70193,-38491,-1
14424,28410,59497,71155,-1049.7,87949,-32351,-1
19531,27498,61651,74478,-6532.2,80207,-18479,-1
23994,25175,60896,62473,-9466.9,67299,-23023,1
21843,22079,58596,70333,-5407.1,80869,-53777,1
19155,35956,60345,70230,-8862.5,89682,-19442,-1
23772,27439,56937,73353,-23505,82553,-35165,1
22948,22960,57276,75327,1202.4,76866,-36825,-1
21561,29584,58043,71750,-2163,74095,-48425,1
21955,25701,68501,77253,3202.5,69736,-31871,-1
17614,28678,63605,78461,8545.8,75332,-18340,-1
18689,31462,61307,63052,-3125.5,78156,-58792,1
22152,25511,64440,76020,-10841,69772,-20664,-1
19863,34756,58344,66576,-8589.8,83429,-21102,-1
19764,27655,57837,79038,-1012.5,75001,-36457,-1
18477,26745,55577,72240,-16091,82225,-28061,-1
18504,30398,60095,70870,-12285,87076,-22832,-1
16600,27665,60869,63379,-2766.2,70119,-24330,1
15534,28315,58033,67739,-7183.8,83647,-48430,-1
17998,25608,62681,62898,1232.2,66687,-37506,-1
22239,28382,59434,72332,-6801.5,89713,-28894,-1
19909,28842,62859,71226,-21373,68396,-21395,-1
20476,29119,61091,66219,11520,74006,-24516,1
13295,26522,58420,72147,-14932,73227,-16387,-1
23726,26808,66930,71778,-8696.9,83840,-52999,1
20443,33977,66724,64053,-5170.8,71199,-1760.8,1
25018,30229,51682,71706,2210.1,75173,-22289,-1
14921,24584,62327,70749,3893.1,80127,-27304,-1
13856,31070,60392,70191,149.1,95738,-36526,1
20037,29911,56755,70299,-19544,91131,-39521,-1
26063,28340,66640,71182,-3653.4,86809,-18798,1
19305,28400,64344,71788,-919.34,81013,-44499,-1
18174,26788,64651,71550,-11380,66740,-17128,1
20684,28083,58420,69079,-10191,67192,-28249,-1
22154,21044,56485,70445,-1097.3,87011,-42587,-1
19538,28490,57679,58620,-7028,73531,-49004,-1
23862,35656,60550,64133,-10083,77391,-28223,-1
20637,24176,56816,78363,-5689.7,69122,-38080,1
23586,32381,66254,64439,-15622,72239,-32266,-1
17843,27962,59161,67923,-1670.2,88083,-24231,-1
23035,29654,57793,68148,-7876.3,76365,-49905,-1
21736,28127,68629,78689,-28323,80484,-41056,1
28084,29518,59471,66168,-16715,85388,-35199,1
13371,21836,62834,73190,-15978,69746,-25091,1
22112,25532,62040,61539,-4125.9,79120,-52860,1
19247,25436,53720,72408,-10726,85967,-19689,-1
13861,29825,56086,72118,-10339,75854,-26087,-1
18547,31516,66464,73184,-11883,85686,-28651,1
18802,28081,56624,66361,-7563.5,93107,-24208,-1
22686,26130,63941,77381,-8670.6,74755,-16509,-1
25521,34285,64274,72710,-12208,72085,-41434,-1
19439,31135,62945,67672,-6216.8,78662,-20936,-1
20779,22773,65023,71933,-4830.6,79080,-19069,-1
17659,32304,51546,65309,709.71,70547,-29185,1
21313,26064,62398,74363,5415.7,77814,-23841,-1
16993,26914,57354,66936,-17332,80278,-17485,-1
21098,29382,62189,74338,-4600.9,99516,-36770,-1
18564,26675,63704,64825,-2735.8,89446,-38025,-1
18172,29633,61165,76794,5609.2,81895,-21139,-1
22470,23980,63314,66063,-4112.9,66245,-41819,1
21023,27504,68253,70865,-930.7,71157,-12063,-1
20474,30319,54697,72322,-4058.8,68034,-21520,1
24271,23160,64778,69756,-6997.4,73524,-31268,1
20071,27566,60709,82105,-22693,70865,-30536,1
15489,26813,60816,68913,-10781,84513,-29113,1
22782,25333,61749,77338,6993.2,84428,-29893,-1
17750,27177,57650,69151,-14632,70595,-28627,-1
23942,28550,61016,81742,-6775,72560,-44926,1
20294,27491,66538,72107,-9767.7,66063,-24794,-1
21489,32126,60558,61519,5176.4,94237,-39055,-1
21166,27830,56478,66850,-7719.1,62666,-25985,-1
19492,26642,60267,78273,-9545.6,89528,-23535,-1
22061,28143,60499,77757,-8491.4,71374,-43235,1
17652,23924,54555,65280,-15913,80184,-41507,-1
20381,27817,59842,70439,-5358.8,80616,-20441,1
16562,23502,65689,64021,3825.6,68299,-38642,-1
19218,32288,55423,67645,-3453.9,70781,-37883,1
18367,26716,57790,66417,-10459,77846,-29942,-1
22449,29050,59045,74895,-5119.9,80860,-47444,1
21075,24230,64090,75208,6983.7,74048,-35288,-1
19129,29669,55727,68958,-4578,73690,-40853,1
17687,28002,62857,65177,2561.4,75518,-14288,1
20980,33076,68879,68800,-12142,84718,-34410,1
19603,31419,55977,69930,-15908,55812,-33283,-1
22123,28371,60202,65140,-6478.1,87127,-24090,-1
13509,22376,62749,65397,-1323.6,63224,-45618,-1
23435,24159,58015,67932,-2984.7,73766,-48817,1
20609,26236,64596,75075,1981.8,86720,-35152,1
19056,30902,62027,75746,-17614,90636,-42391,-1
27888,26764,63904,68267,-4903,83214,-48562,1
14989,36236,56371,76528,-12703,75331,-42119,1
19103,28406,58530,73317,-15944,81463,-28299,1
25894,27873,58682,67126,-3790.8,91189,-39872,-1
21522,31545,66384,71413,3673.4,77217,-40659,-1
20797,27361,67761,67617,3473,64390,-34083,-1
23014,31113,65283,79620,-13739,69432,-34235,1
20013,31182,66981,72508,-4060.1,82702,-46610,1
18182,28054,54365,71523,-4501.1,90442,-38400,-1
24543,32842,61267,68997,-9297.5,66597,-27359,-1
19424,23426,57624,64538,3112.2,86751,-39823,-1
19963,25758,63897,63868,4479.7,87771,-43085,-1
21028,27876,60045,71110,-9233.6,86804,-26365,1
17931,29824,68910,68158,3485.6,80152,-47542,-1
19330,29847,63465,76682,-25045,75271,-40817,1
16174,28600,53989,69427,-12057,84592,-31643,-1
19567,28038,65232,68568,15688,80504,-35291,1
26807,28782,62617,75628,-9790.3,94101,-45642,-1
17903,23265,63314,66058,-9995.6,81759,-26029,-1
19674,30838,59647,67899,-7807.9,75360,-30938,-1
19213,24906,65130,61549,-16752,88789,-34327,-1
26920,27541,59462,68016,-3089.1,89393,-34066,-1
25091,30740,66633,72114,-7533.2,76230,-57007,1
15768,26081,65953,71434,-9875.1,83026,-32074,1
21206,32302,59088,69646,-12429,87984,-29065,-1
19351,31345,59310,72799,-9815.9,71385,-30278,1
21045,32987,58658,66204,-5604.9,70269,-45061,1
24115,23193,58782,70464,-14752,84631,-44416,1
17052,25588,58295,78465,-18744,91313,-41794,-1
18287,32768,59539,71455,4651.1,81638,-21685,1
21615,28432,54114,67417,7651.2,75813,-25731,1
20990,24420,61999,81163,-11333,73126,-16308,1
19099,29439,55396,72420,-1769.3,93553,-44940,-1
19229,29600,60068,66401,-3961.4,92178,-24941,-1
19682,26051,60695,70809,3549.4,76666,-17774,1
22263,26753,57715,67739,-3435.1,92323,-38939,-1
24346,25016,59029,73194,-11822,87279,-13167,-1
17631,27731,57701,76586,-4689.4,90281,-43496,-1
24971,20826,62119,74907,-5892.1,81714,-31337,-1
15937,28338,60885,68675,-2379.1,71795,-36561,-1
21032,29763,57839,82276,-5946.6,78489,-19110,1
17026,22716,57618,77062,-1710.6,77634,-37888,-1
16985,24862,62477,72626,-9756.3,85744,-26531,1
20113,26260,54837,63625,4014.6,70751,-31857,1
18767,30884,61267,78445,-13325,77991,-18943,1
24983,28027,65458,66176,-8837.7,72722,-25280,-1
25168,31414,57587,68600,6849.4,78058,-26819,1
18901,27055,64400,68483,-7223.3,67135,-32066,1
16543,26032,58293,70340,-6795.5,73351,-27018,-1
19773,25165,60110,75225,-5075,87514,-38195,-1
22929,24502,59055,75723,-1592.1,73295,-53182,1
23267,28810,59526,67972,-7794.2,60345,-36731,-1
19332,31729,60605,70503,7332.5,82148,-30199,1
20745,26830,68971,73150,-2454.9,73351,-24575,-1
19459,30917,61100,69646,-4979.5,85104,-21835,-1
27478,29009,59049,65962,10317,78661,-30293,1
20030,25237,60929,68745,-12790,82267,-45320,-1
16924,24244,52924,77000,1076.8,70051,-21149,-1
18778,29496,57303,63708,1028.3,85572,-35927,-1
19273,24939,61793,68589,-4962.9,90854,-23586,-1
13563,24599,58133,69904,-11212,81544,-47842,1
18011,28640,62960,71793,-5072.4,90055,-24138,1
12768,23764,57243,72906,-20210,78806,-38572,1
18392,25172,56503,71744,-4905,69626,-21536,-1
17972,25822,62879,60438,-10033,66897,-24847,1
21078,21930,56591,64213,-5847.2,89698,-32302,-1
17862,26550,60001,67283,-16979,85357,-29684,1
19822,30199,58029,74405,-13489,87863,-35258,-1
23950,30298,64580,77448,-14096,87455,-31207,-1
18224,24169,59586,75577,-597.98,72349,-49122,1
18308,33001,64708,59290,-13442,82885,-22239,-1
14017,27195,62482,63482,-6018.9,71788,-38325,1
18025,27272,65477,70533,-9786.2,81856,-35966,1
19613,25981,53947,74259,7200.9,87202,-20302,1
18383,25425,56141,67825,-15465,77832,-32993,1
23324,32224,60583,73961,-10957,89135,-24528,-1
23448,29446,67523,79713,2668.9,77487,-13301,-1
21842,23944,60746,75253,-7990.9,94393,-45464,-1
19531,34714,57583,76884,-16158,84941,-33284,-1
16755,27872,57400,73034,-7515.3,71474,-15445,-1
13965,18319,60510,67121,-6878,65356,-18976,1
16535,31435,66277,70539,-6804.3,73015,-19452,-1
18603,28007,55177,72529,-3739.5,79717,-34510,1
24422,34250,57346,64520,5608.3,65390,-29936,1
26253,28015,64538,73128,-19940,79305,-38553,1
18395,35581,59309,67807,4137.8,76866,-25307,1
23418,28956,64077,72445,650.88,76435,-39480,-1
22154,31976,61405,68164,-5405.2,73786,-55371,1
12775,29875,57558,69444,-3219.2,77565,-51264,1
20509,27571,59701,63765,-352.79,86392,-27292,-1
21915,28642,62962,71509,-3916.4,83134,-53186,1
27824,30251,56740,65915,-4616.4,93806,-42160,-1
11083,21573,62209,72113,-13224,76727,-35436,1
20010,32547,56873,74353,-5933.2,72674,-18782,-1
19291,29462,61702,73254,-7970.9,86532,-47151,-1
17725,26845,62246,64274,-1135.4,65720,-36771,-1
17844,27329,61381,68453,5031.7,72472,-42957,-1
16374,29602,65343,71747,-3009.6,84525,-37270,1
17485,29674,51564,79692,3400,75742,-34229,-1
13563,24599,58133,69904,-11212,81544,-47842,1
15819,29179,62894,78576,-3738.7,72679,-50551,1
22912,24901,61979,76036,-5487.9,88821,-40926,-1
22382,28623,62239,67682,-792.93,75737,-15866,1
18002,24825,67121,65408,-13515,75709,-30122,1
23335,32077,66839,77144,-4947.9,74004,-43338,1
20082,25573,62021,74678,5351.3,79146,-20689,-1
21611,28741,65203,73049,-6500.9,73621,-32974,-1
24762,32980,62925,66161,-20652,79271,-33218,1
19583,27150,57516,71429,-6333,94043,-41874,1
19074,35157,55798,67195,-2126.1,78088,-54934,-1
22675,24398,58751,73441,-16534,72526,-29028,1
18504,26901,61267,64987,4496.4,92782,-37359,-1
24520,28265,64590,73531,-7101,68351,-18608,-1
14228,32183,56748,69737,-18987,80943,-42178,1
15466,20840,61947,78213,-12152,92277,-28584,-1
20995,29909,59410,70167,-17379,78221,-14343,-1
27943,30617,58346,69638,-15769,68028,-28104,-1
15063,32293,68916,76530,542.78,69101,-31736,-1
19517,26255,64449,82972,-5045.6,74184,-24837,1
22073,30669,58623,68995,-8424.8,71682,-29293,-1
18116,33755,62704,72127,-10916,94655,-28620,1
20701,33017,67428,71928,-14057,84661,-36401,1
22460,29253,66364,73555,-12878,82348,-33365,1
20010,24493,59717,85121,-19486,54674,-41728,1
19685,23331,63053,75709,-7634,90671,-14144,1
22113,28053,62189,69518,-8521.8,76214,-48620,1
20087,27232,63573,69548,-2934.1,83448,-19882,-1
23791,25883,59590,79631,552.88,81469,-36049,-1
23628,32988,60701,70059,-15240,74182,-43852,1
18601,25414,63396,66150,1946.8,74598,-42181,-1
18843,30540,59819,73721,-5272.8,82111,-50486,-1
20064,30304,62100,69554,-177.71,92067,-39270,1
29919,25273,64155,67618,4993,92838,-32262,-1
16818,26492,62022,83263,-6941.9,70577,-20087,1
18861,25705,57799,73312,-7158.8,71920,-19396,-1
19311,31269,62962,69760,-5844.3,65043,-24303,1
19303,26112,62276,63687,-8161.9,81602,-32795,1
25126,23136,65113,80729,-4829.6,68407,-38926,1
21873,30366,58802,65859,3834.9,68053,-44116,-1
19156,23524,61047,71399,-18099,68300,-31976,-1
23659,24351,61385,75896,6423.7,77680,-32145,-1
15672,25042,53863,68359,-10439,75778,-18343,-1
20558,19861,60184,67442,1354.4,79550,-22483,1
12698,25076,61547,73428,6101.8,76998,-29051,-1
20007,28141,58923,62031,174.33,81556,-31686,1
22610,24589,62592,77054,-2905.4,82729,-27689,-1
21894,28859,66745,75818,-11227,73483,-59552,1
26891,28943,56781,69684,-13204,87810,-36336,-1
18824,30898,55941,68726,-9034.4,76561,-36027,-1
21149,27936,59861,70015,5325,93866,-33342,-1
23263,27127,55301,62917,-16053,85565,-45976,-1
20752,31572,60131,77120,-5385.9,89187,-40468,-1
17711,25337,56412,77658,9846.9,78720,-37544,-1
21488,29347,58154,72120,-19215,78102,-34564,1
28785,28770,62398,71358,2235.9,79792,-43394,-1
20090,26835,57045,63585,-1570,67302,-22488,-1
22878,24651,62520,64492,-17347,62752,-26911,-1
20101,25854,60617,64117,1793.6,76441,-50901,1
17876,28531,60776,74677,-7631.8,69012,-45167,1
14183,28952,63639,63360,139.05,83857,-36882,-1
19798,29716,58734,79518,-15145,70836,-32812,1
17608,23171,61178,65581,2276.7,74407,-17910,1
18800,25498,70085,79044,-7929.3,71196,-24708,-1
16786,29234,57222,68368,-8713.9,63942,-32675,-1
16966,27548,54103,67259,-4457.8,88981,-30992,-1
15853,28892,56489,69820,-6218.9,66205,-42496,1
22664,25874,54557,67131,-2609.6,93563,-33392,-1
20014,27333,54498,72748,-2503.1,89651,-38659,-1
18428,24046,58543,67636,-11223,69017,-28241,-1
20723,30179,61682,63210,-6321.9,66322,-27087,1
17682,26918,61579,78049,-6737.9,70776,-42705,1
18879,29230,54452,69812,-6121.4,65334,-45436,1
19145,30884,59305,62539,-6461.9,82866,-36671,1
17918,20860,59459,72732,-3990.9,84443,-45518,-1
22596,23132,56979,67251,-3116.9,73118,-35047,1
20193,26980,54941,70078,-406.98,71198,-24114,1
20499,23755,55874,74910,-1986.4,82685,-43769,-1
25838,25166,60887,66491,5715.6,76189,-12872,1
25981,26015,58217,67844,-17938,86257,-47803,-1
17803,35019,58138,59360,-12733,81325,-33196,-1
25262,28048,56104,70921,-12536,84290,-25163,-1
17844,24830,61133,63897,-8063.9,76813,-48072,1
24176,26292,64301,66780,-16098,75888,-36225,1
22584,30461,64482,70958,-23698,69971,-40302,-1
23533,26772,62173,80673,-11351,73917,-32063,1
21288,31830,61425,67705,-7343.7,67506,-32610,1
22629,28217,57404,70465,-15924,80469,-31817,1
26092,28914,62644,73187,8019.6,82806,-21975,-1
16474,27803,62438,77433,-1956.1,78154,-50273,1
14686,27258,56575,69681,-1212.1,67408,-47096,1
17918,32493,59302,88008,-18484,61796,-34290,1
18644,29936,59231,68063,-3623.6,73348,-12353,-1
16253,30559,59318,67568,-6384.8,63715,-31029,1
21872,27068,65750,70387,3685.3,84537,-41402,-1
19332,21304,57699,73076,-2938,70203,-51070,1
17785,26108,55070,76110,-3981.2,81180,-35932,-1
18742,32967,57872,77203,-3103.9,76259,-27883,1
19814,30153,54648,67370,-1739.6,72334,-41151,1
25166,27879,65383,70383,-2561,82589,-41172,-1
22204,25405,64268,75221,-13536,74000,-27948,1
17907,27239,60526,70596,-7122.1,89577,-30022,-1
21050,28873,60001,75258,6243.8,85013,-40562,-1
17721,28810,61453,68258,2160.5,94859,-37973,1
27414,23521,58741,72691,-6046.1,62973,-41470,1
21241,24458,58232,81117,-4369.6,89550,-42141,-1
19529,28333,59097,66510,-11034,71792,-26821,-1
16492,32093,63226,82091,6036.9,75405,-36695,-1
20566,28215,59327,75106,-12615,92887,-34889,-1
23390,31838,56386,74706,-9599.2,90036,-19815,-1
20304,26758,63170,74727,-20440,79351,-36039,1
20423,24330,59648,61863,2943.9,88378,-43982,-1
20621,31624,60617,67170,-11788,75931,-28655,-1
22134,23338,67410,65665,-14328,82291,-35540,1
17811,30871,60607,67880,-1019.9,71740,-49586,-1
18000,34193,57343,69277,-4729.9,68320,-32479,1
16080,29959,57423,79597,-13565,84588,-26898,-1
23466,26834,59139,64320,-11521,85491,-21461,-1
23450,28506,59996,69050,-15042,65956,-26733,-1
21160,28708,69066,70877,8318.3,82507,-31337,1
16144,31305,60360,75239,-19799,83601,-38573,1
18886,22359,61888,68856,-12548,91339,-36028,1
23984,23812,58512,66006,-1893.6,89618,-40181,-1
16053,23286,59607,68438,-20452,80812,-37332,1
23548,31398,64197,72623,2731.7,88035,-34628,1
21232,28212,59668,69683,2887,89531,-35915,1
19940,32381,59463,75533,-10111,81418,-37512,1
17159,29536,65672,66237,-3989,80204,-44011,1
14405,23868,58688,63595,-8745.7,76100,-29349,-1
16027,30395,61392,61680,-6999.4,78299,-24588,-1
15907,29416,60766,69006,-4893.7,68515,-10925,1
26392,32149,57934,65317,-10837,76032,-48189,-1
24989,28060,59466,76078,-12283,84938,-26645,-1
19972,30077,60392,76827,-7221.6,74109,-25056,1
20806,25325,59749,78217,-12896,73942,-30292,1
16932,25810,55707,65337,-8181.4,89567,-16350,-1
17551,27470,56252,69757,-1733.1,82163,-41862,-1
17651,26030,61287,73557,-12296,89637,-31156,-1
22467,25069,53292,67472,-15931,52934,-32299,-1
22099,29273,55016,65836,-21422,83451,-39166,1
18970,29786,54657,77393,-1604.7,73877,-50162,1
18798,22732,58604,69988,-4640.9,64174,-39768,1
21233,27334,54091,62934,-785.65,82270,-36477,-1
23579,27434,65090,67744,-7744.6,93718,-27991,-1
22671,28277,67046,63583,-6250.7,77602,-54158,1
20845,26386,64126,63212,-15205,77818,-28904,-1
18734,30923,63614,74914,-10732,91746,-25872,1
21170,28791,66967,62115,-10676,76655,-28320,-1
19144,27804,61144,77674,6101,85552,-42235,1
21635,25144,60810,72615,-9183,75895,-31943,1
14385,27927,52080,78525,1669.7,92824,-47434,-1
23174,27756,55981,69236,-12672,75345,-17862,-1
19285,23781,63785,67282,-667.86,75672,-6709.2,1
15822,26708,59813,76175,-11008,65552,-32265,1
18451,27577,61025,71800,-11221,69322,-28525,-1
18980,28806,60751,63640,3288.4,89434,-31455,-1
15289,24936,59261,68248,-13302,78655,-34276,1
19906,28745,64245,72559,-16727,84529,-35345,1
26863,32038,51855,70784,-6764.7,79181,-18345,-1
23140,25770,59172,67908,1217.6,86788,-34621,-1
18228,26744,56501,73205,-7591.8,88964,-24316,-1
24066,28281,61512,68562,-12144,65563,-32006,1
17795,32912,65840,72219,-6622.2,91025,-31792,1
16842,30298,56761,70921,-12303,92377,-18945,-1
18631,33240,62580,73278,-9714.2,74687,-28797,1
21397,26308,61492,82628,-17689,61884,-30759,1
19936,29300,55131,63303,-5539.2,66807,-43165,1
16113,26374,56778,61762,-8639.9,85468,-26345,-1
22074,33273,65046,72965,-8398.7,82429,-19236,-1
22349,25550,60832,74867,-6227.9,68751,-43295,1
16897,28456,58084,77847,-7523,83086,-17240,1
16082,28774,55562,72337,-8088.5,83594,-25718,1
18802,28081,56624,66361,-7563.5,93107,-24208,-1
24667,29464,66042,78109,-868.6,72288,-34677,1
23416,23099,54900,68473,-10924,65365,-30657,-1
18274,28591,61729,75701,-17412,69891,-32586,-1
24675,29052,60178,70913,-3310.9,84170,-24547,-1
21320,27384,61214,65896,-3948.8,70033,-29763,-1
15651,27825,55437,66669,2564.9,86898,-32007,-1
20880,28424,65945,63812,-2746.7,81117,-51634,1
20695,26739,65350,70791,-11523,78327,-34211,1
25700,23483,60728,69886,-2564.3,76723,-48791,1
18456,29634,57764,61719,-2524.8,67740,-28526,-1
16891,26096,59406,67673,-12821,84815,-42862,-1
22106,32491,64312,73734,-4007.4,83496,-22822,-1
21596,29679,59245,77749,-16112,62757,-31933,1
23560,30028,62210,63339,-4493.1,78292,-57225,1
17233,26851,61310,71811,-866.92,78191,-48155,1
25237,23731,61038,64402,-3191.5,75845,-14936,1
22378,25753,64025,67600,-5669.7,84908,-31203,1
14183,28952,63639,63360,139.05,83857,-36882,-1
21791,24139,60332,68459,-18025,80321,-38265,1
20701,30074,51745,68548,-1695.3,74796,-32316,1
18705,30941,60034,68382,-167.67,84289,-41174,1
19210,30591,62263,72424,2871.4,79644,-33202,1
17454,29547,57382,70629,-10437,79135,-19126,-1
25674,31990,60110,71500,725.43,74189,-24865,-1
18936,27930,58927,75464,-4121,81109,-37676,-1
22959,24410,62808,69756,-8123.4,76873,-26158,-1
17235,26680,62336,67160,-9932.6,80098,-46891,-1
21652,33344,62495,66107,-12625,83126,-19689,-1
22193,29295,62860,70758,6006.9,81126,-31410,1
18048,28567,59066,75692,9881,75962,-35590,-1
16480,25856,54512,70962,3694.2,78428,-17118,1
24341,28619,58704,61320,-3822.9,80851,-40042,1
20380,23202,64222,76936,-12436,78979,-55661,1
18043,23448,67423,70075,5662.9,84400,-38812,1
20643,27932,56785,73305,-2739.7,95724,-39245,1
17552,25357,59577,73467,3601.8,78563,-36393,-1
16143,26102,58756,71766,-8989.1,81321,-23035,-1
13487,27530,60922,64584,5322.6,92600,-36194,-1
17699,24770,56482,69630,7891.6,82940,-25039,1
14924,25952,61642,70299,-30911,78479,-37406,1
15130,27800,56863,75220,-12599,79751,-18382,1
19978,25494,56110,66291,7327.4,73196,-27963,1
14249,33382,61108,70006,4867.3,80902,-29954,1
19295,32473,59229,81364,-14724,91156,-22945,-1
18425,31490,63498,70444,-5828.8,77765,-29925,-1
18717,30987,66973,71257,858.96,69893,-34599,-1
18868,29669,62374,75572,-2718,97214,-39518,1
21553,27279,59935,70393,1720.5,76054,-34057,1
16849,31460,62112,71764,-13469,87286,-37991,1
21719,27176,57497,78681,-2754.3,77827,-38342,-1
19103,25342,63774,69800,3903.4,96924,-30211,-1
22765,25334,64013,69919,-21738,82731,-39204,1
22527,31891,54605,72700,-15517,68299,-27507,-1
22081,24162,62106,74993,-14303,89591,-32781,-1
20169,24606,55434,76906,-8689.8,90998,-47310,-1
20265,25152,66755,73258,-20520,82116,-36955,1
29228,26909,68985,64021,4336,78885,-37059,1
18349,29497,59176,70136,-9438,77003,-19341,-1
19462,29427,64243,71465,-12571,79445,-26984,1
23613,25122,64006,69921,-10403,66820,-46868,1
18059,25780,60775,64258,2799.8,90901,-32825,-1
26268,28839,60892,74978,-12748,92001,-20999,-1
17296,30683,62389,66412,2095.2,70778,-16041,1
19087,25780,65345,73066,5435.8,79714,-24897,-1
16017,28131,61737,73824,1958.7,94197,-37977,1
16777,29128,59777,71912,-11938,68943,-28151,1
20989,28964,54792,73376,5776.5,80651,-24858,1
22810,29282,59446,72690,-7585.8,77429,-40090,1
20620,29960,60645,63878,-8212.8,71675,-23457,-1
19399,30215,66514,62911,-888.65,94996,-34832,-1
25556,31197,58347,69981,-14070,75677,-49168,-1
21745,24773,56366,67201,-3325.1,69286,-53275,-1
17146,23656,62795,77149,-2613.6,91312,-32277,1
20502,22013,59175,67076,-13483,65005,-26560,-1
17270,26803,58952,71989,-8576.7,86744,-53149,-1
21872,27068,65750,70387,3685.3,84537,-41402,-1
20548,27549,62030,74056,-18071,80941,-34746,1
20423,24330,59648,61863,2943.9,88378,-43982,-1
23078,24022,64317,72469,-8172.3,88520,-31216,1
16174,21693,63178,76404,-10649,91826,-20090,1
21613,29023,60379,71107,4809.2,90385,-30196,1
24096,27644,55402,70776,-8396,89365,-10150,-1
19431,29664,67571,72823,-24211,84422,-42177,1
20071,27566,60709,82105,-22693,70865,-30536,1
26694,24866,60444,78093,-20212,85272,-56407,1
23782,27427,65735,71685,-12350,82028,-38375,-1
17714,24005,62126,72143,-10365,86345,-15618,-1
20077,28223,61173,69951,-11290,88403,-23314,-1
18229,25819,53210,69079,-2009.8,78121,-22517,-1
27549,27939,62950,61428,-16986,76548,-32495,-1
16487,31328,58626,73874,-6237.5,81868,-47461,1
24593,27554,55985,69311,-5626.2,71920,-41345,1
16106,31002,60868,73670,-19865,74261,-22909,-1
15914,28617,59352,63253,-2100.6,65111,-31059,-1
17961,29243,63644,70745,-8493.3,84131,-27456,1
17241,32035,64032,70889,-6926.8,68933,-26247,-1
20345,30178,53255,72274,-839.87,75499,-19349,-1
21646,30947,68610,70704,-11458,80762,-30662,1
18778,25561,63235,62199,-6434.7,84279,-37985,1
14649,27663,65858,73387,-5041.2,87312,-24102,1
24593,22356,62380,72161,-10432,74914,-27476,-1
21392,28996,57699,65424,-3875.8,62754,-18205,1
26463,31764,59735,84634,7138.5,73065,-37702,-1
16470,27618,59471,70922,5018.8,79350,-22913,1
23441,26335,56486,68838,-13580,77124,-17202,-1
22557,30520,59566,74973,8632.4,80268,-44693,-1
22129,25605,57059,65229,-12491,68175,-29649,-1
19727,28832,61621,67217,-10179,81740,-43845,-1
17763,23281,63524,66099,-5686.3,82009,-39079,1
15826,24058,61888,80001,-16675,90550,-38994,-1
18454,26006,58108,73353,6106.4,78570,-22131,-1
21990,28387,57471,69717,-6554.2,82663,-46920,-1
23768,24289,58391,73593,-2918.9,84830,-43463,-1
20070,25454,61448,78936,-4254.1,76610,-29034,1
19034,30827,64444,76518,2383.6,68882,-38800,-1
15063,32293,68916,76530,542.78,69101,-31736,-1
16457,29578,63849,73632,-15151,89113,-35653,-1
15129,29058,57737,70147,-13823,81687,-18223,-1
27792,29512,68406,72135,740.3,63875,-30914,-1
23946,26339,57521,75151,-4618.7,77285,-22691,1
21461,25550,58810,75095,-1159.6,76825,-22199,-1
20661,27580,62315,78723,-18287,88454,-38330,-1
22625,29968,62723,65104,4114.2,74264,-34794,-1
17146,23656,62795,77149,-2613.6,91312,-32277,1
18460,26626,56890,74283,-12680,61424,-35784,1
22925,27755,63595,69995,-13715,83029,-51335,1
21097,28872,59044,76062,-8754.3,80420,-47858,-1
21855,31745,57011,71056,-11973,70414,-17255,-1
16710,27809,58624,67418,-10163,67950,-28009,-1
21348,27465,56473,67755,-10288,88392,-29577,-1
21167,33373,59263,64687,-18608,80506,-29676,-1
19756,27782,62419,83374,-3506.3,68919,-37513,1
21116,26504,58176,64380,4834.7,64940,-27995,-1
20764,30268,61142,80623,9377.2,77083,-33152,-1
21027,25878,60151,75973,-14900,83869,-36067,1
20459,32283,53768,72604,2200.4,74470,-27230,1
19032,19886,61731,64989,-2433.1,85091,-13036,-1
18547,31516,66464,73184,-11883,85686,-28651,1
23267,28810,59526,67972,-7794.2,60345,-36731,-1
21079,31344,57016,67729,-4829.7,87629,-33325,-1
18042,32354,55911,69584,-9419.6,85046,-29502,-1
22408,30625,57762,65936,-1062.1,70525,-29673,-1
21275,27816,55961,72084,4245.2,81483,-30223,1
19265,29279,61587,71183,-5889.8,85404,-30505,1
15851,26168,62188,68746,-15096,87026,-34904,1
21180,30413,61882,67965,-20923,77615,-38231,1
22825,34962,56186,58782,-5872.5,94509,-31090,-1
19103,28406,58530,73317,-15944,81463,-28299,1
23933,29200,64036,70310,-4202.2,82785,-52180,1
20794,30960,63833,66759,-8070.8,67611,-25012,-1
16104,28871,58112,65418,-9827.7,82313,-47401,-1
17394,28797,65541,69415,-7363.8,72966,-29192,-1
20725,25341,59873,74843,-4049.2,92173,-38327,-1
18062,37450,59407,71671,6169.8,80054,-20389,1
23690,26717,60689,65368,-21880,73233,-36889,1
21582,20880,69416,65243,-6583.7,84495,-39824,1
21518,23090,63592,71191,7750.4,84587,-28183,1
23553,29463,58598,74436,6241.3,90419,-29005,-1
18191,26124,58985,73411,-6120.4,69543,-21237,-1
22071,30716,60266,70865,-14866,1.0223e+05,-44281,1
20992,22483,60462,63811,-5648.9,81524,-50440,1
18595,30730,58046,70114,-2272.5,66458,-42672,1
19332,31729,60605,70503,7332.5,82148,-30199,1
21692,24146,62255,73807,3871.3,80959,-38349,-1
19048,28682,55633,67577,-2206.1,90376,-39712,-1
20620,29960,60645,63878,-8212.8,71675,-23457,-1
18581,30700,61389,62137,-9121.9,81125,-55693,1
17427,21318,58971,72415,6860.8,83674,-42832,1
19731,32246,57022,66667,-7992.5,86421,-24996,-1
17952,22526,57965,66435,3030.9,73210,-24529,1
20475,30184,62943,65788,-703.19,61657,-39910,-1
28050,31299,59173,71488,-5677.3,61167,-41485,-1
21451,29629,62875,61836,-15366,74191,-24947,-1
18953,32954,63360,70847,-4606.9,88337,-31757,-1
20971,19101,55236,67179,346.46,81942,-19583,1
21175,19388,67958,68221,-22260,84644,-37598,1
19492,28732,59568,75522,-18409,84089,-37406,1
26072,31047,60587,69531,-17415,80712,-49548,-1
23443,27073,60418,67733,-1498,75318,-14145,1
18748,29905,57953,76809,-10280,89134,-28810,-1
24049,27351,58571,66270,-1993.7,71563,-41163,1
16778,24865,70928,70634,-16570,85447,-34690,-1
15937,34776,61819,59981,-10443,86424,-35469,1
18476,27495,55569,71044,-11842,75433,-16287,-1
19211,30411,62241,79600,-6566.6,92185,-46794,-1
18444,27067,60032,81964,-8803.6,79371,-16620,-1
18104,29494,61905,69879,-11671,76383,-42646,1
18234,29754,61702,73776,-7744.4,74953,-61810,1
19530,26741,58228,63776,-8013,79080,-53180,-1
18687,31634,57847,75667,-4332.1,76976,-41819,-1
21093,29852,64268,66029,-9658.4,70530,-32703,1
20338,33476,57961,65770,-14703,86595,-28650,-1
17567,25315,62217,65448,-7500,64702,-13766,1
21124,30887,55959,73921,-8179.3,80914,-35348,-1
25114,27681,64875,75968,-19640,92501,-30597,-1
21414,28250,60917,63196,-13725,76215,-32363,-1
18730,31016,60182,66857,-6781.8,63456,-31985,-1
18145,27103,54678,67918,-6588.2,78306,-53567,-1
23425,27878,62270,72715,-8442.5,80764,-54717,1
24193,24817,68964,62514,-23819,78544,-31570,1
21634,26558,58277,75096,3308.8,77572,-27032,1
20369,30104,55720,78732,2621.7,73768,-23356,1
12360,28125,64982,70019,1772.8,85234,-44358,1
22419,29077,63691,66129,2722.5,80548,-30062,-1
22034,29720,60940,65915,-392.44,70578,-35450,-1
19029,31473,63520,71550,-8965.5,89995,-23771,1
16182,27789,67845,69422,5421.4,98983,-35160,-1
19313,36162,62646,64371,-3141.3,76098,-37138,-1
21954,26390,63481,69962,-6414.5,74117,-47788,1
21460,25800,57937,74284,-6577.3,90688,-44591,-1
20958,27719,62360,72607,-9016.8,62920,-28910,1
20041,26710,58511,72601,-16897,75932,-42197,1
20169,22817,58322,71258,-3444.6,90925,-34833,-1
20828,29158,60225,71180,-3258.9,76334,-19207,1
19913,29190,56115,66784,5762.3,80080,-13428,1
19868,21665,60798,63770,-22556,76978,-27039,1
19394,24467,57993,69994,-11982,85986,-27790,-1
21973,24178,59704,54068,-4110.7,99014,-3527.7,-1
19981,27603,64718,69579,-9326.9,83321,-44644,1
19580,30021,63028,64584,4719.2,72032,-36881,-1
25425,28214,63440,66070,-3157.9,87222,-27123,-1
18453,29414,63756,69260,-9404.1,84775,-25525,-1
21644,23661,66597,74445,-12443,95905,-21220,1
28084,29518,59471,66168,-16715,85388,-35199,1
25506,31081,62719,70650,-3231.6,76934,-21555,1
19812,29497,63692,76355,10390,75149,-36463,-1
23091,30585,62309,69661,-3499.4,86885,-26424,-1
21920,31187,56899,63405,1753.2,64251,-25439,1
18503,25409,58018,68323,2051.4,78415,-19778,1
25005,27932,62730,72916,1542.9,82811,-30795,-1
21053,24930,67281,64726,6383.1,85511,-37018,1
19837,20488,65437,78202,-11748,71087,-36417,1
25413,27828,57493,67569,-13332,89100,-28271,-1
22833,26172,60768,78419,-13572,81704,-19793,1
16946,23946,60179,70050,1924.7,91146,-32742,-1
15539,27002,59477,74768,-8171,80957,-43638,1
22851,28182,60509,65949,-7294.3,85108,-25408,-1
14099,32868,57819,73987,-7538.5,79554,-22496,1
21615,28432,54114,67417,7651.2,75813,-25731,1
21556,25398,55076,76547,-4371.4,80126,-37011,-1
17297,26627,58128,72303,-6913.2,77165,-48033,-1
13859,32089,60748,68029,-7450.9,74706,-8756.4,1
19966,30707,58505,71927,-11483,74768,-17156,-1
22205,32880,58968,70876,-810.58,79405,-19622,1
17120,28501,58973,75568,-14753,88801,-42215,-1
16966,27548,54103,67259,-4457.8,88981,-30992,-1
20378,29166,58969,80315,-7802.5,77468,-23238,1
21548,28286,55724,68108,-12433,88392,-22281,-1
20993,28345,68572,74367,-2312.1,66379,-35961,-1
22567,29394,62912,70229,-4887.6,88299,-31429,-1
18842,25646,67935,68363,-7448.4,81765,-32872,1
16192,29987,62678,64454,-3985.5,79395,-45254,-1
14074,20624,59956,67239,-5785.4,67928,-39869,-1
13163,29337,59683,67479,-1934.6,65223,-41722,-1
19943,24016,58191,83240,-15559,73916,-33020,1
19661,29411,56104,72422,-16071,89477,-30722,-1
22397,23209,62986,62902,-3437.2,80677,-49356,1
22061,28143,60499,77757,-8491.4,71374,-43235,1
23778,32650,56879,64546,111.28,83743,-34729,-1
23426,31934,61432,63260,-8741.4,81202,-30691,-1
21797,22804,58222,70213,4388,81123,-41182,1
22708,30997,60593,78211,-16727,82191,-26613,1
23329,23652,57509,65860,-7679.2,71136,-49438,-1
15614,24758,59131,65905,-60.168,76525,-14852,1
21825,26765,55352,68262,-17097,86701,-16094,-1
19334,25500,55527,78041,-19641,62741,-30721,-1
22213,23738,54442,71348,-6748.2,66344,-43121,1
19393,29413,55964,74088,-18788,84118,-32401,-1
20023,25719,59671,75803,-13482,82207,-36376,1
21005,28485,60665,68769,-11508,69486,-26417,-1
20750,25323,63459,70456,-17506,83811,-37578,1
20286,24353,62413,83405,-13393,59861,-37207,1
24234,24128,65444,73846,-11884,91571,-16146,1
21373,29086,64487,73898,-10338,79238,-18289,-1
17359,29497,66940,74139,-1637.8,80767,-15938,-1
20885,33077,63495,76968,1739.7,78354,-19723,-1
21140,31657,64771,74138,-10339,93198,-21921,1
20615,25185,58747,74291,-2280,88245,-34881,-1
19905,28269,56522,68287,-7219.9,62557,-27465,1
21757,33139,58770,65357,-3312.9,79598,-28435,-1
20707,27708,59089,76739,-12949,88373,-35055,-1
20970,26087,58607,66206,5218.7,68835,-45824,-1
23895,29914,66315,73088,4906.8,68787,-42635,-1
19469,28294,59931,79362,-15876,87441,-31479,-1
23157,23741,65630,74137,-475.3,77920,-10174,-1
20949,29977,58773,86772,-2074.3,77065,-10466,1
23777,32353,50673,65580,427.32,66359,-36467,1
21598,28820,64099,71278,3540.4,91309,-28063,-1
13577,30833,59035,79084,-17651,66603,-32936,1
20308,22158,57832,60180,-10318,77094,-28989,-1
15670,25743,58519,76385,5203.2,77022,-24908,-1
20585,25843,61879,64521,-298.5,85222,-36459,-1
18988,27762,60075,63633,-11626,66252,-20202,-1
20451,25629,60149,63079,-12343,70887,-49964,1
25395,22743,61386,85543,-6553,92952,-46934,-1
17298,26544,62244,71913,-2974.4,97130,-35987,1
23981,23945,58230,68850,2912.5,93520,-26542,1
22276,26585,61104,68380,-2441.3,66417,-39194,1
15485,33429,54117,66220,-4847.2,72959,-49142,-1
13084,30000,62200,73803,10141,80950,-28776,-1
20349,26841,64401,73391,-23597,78156,-40716,1
25114,27681,64875,75968,-19640,92501,-30597,-1
22608,21471,54498,68806,-12497,77806,-22876,-1
19483,28093,55707,70530,2273.9,75230,-38022,1
23205,32071,64538,73397,-1091.4,85895,-35426,-1
25700,23483,60728,69886,-2564.3,76723,-48791,1
19318,16749,61820,72113,6320.3,87525,-29797,1
17180,35088,54894,64236,-10911,83318,-40344,-1
24419,29388,65279,75108,-3026.1,70116,-38586,-1
16625,22930,58089,75906,1520.1,78858,-20168,-1
22647,28905,57221,65839,-14336,88714,-27813,-1
17729,30912,58318,68194,-4230.3,89014,-36188,-1
12876,31017,63692,72466,5677.6,92833,-34616,-1
18488,28248,66503,60737,-12715,83802,-30863,-1
22364,28474,58817,74357,3155.3,69539,-17524,1
19469,28294,59931,79362,-15876,87441,-31479,-1
17359,26855,56112,66439,-10413,89798,-30776,-1
23093,32499,67746,62837,-11522,65948,-29826,1
20593,32074,57577,69051,-8903.4,66814,-45252,1
19353,28356,63795,64519,-2080.6,67303,-30491,1
14112,26956,58321,81510,8187.4,71770,-31861,1
19493,27865,63855,66450,1506.3,96274,-14076,-1
17765,23791,56651,72284,-10319,88788,-25656,-1
25052,29913,55767,72214,-2658.1,70982,-18050,-1
22708,30997,60593,78211,-16727,82191,-26613,1
22539,32728,62320,72296,-9361.5,69964,-9045.3,-1
17545,25690,61806,67230,-8837.6,93124,-46270,-1
20197,29610,59880,62813,-11858,83848,-50141,-1
17967,28355,54627,68198,-2042.8,88591,-43495,-1
18072,29352,59338,71690,-279.1,73743,-15903,1
18506,28597,61138,75026,-4877.4,78415,-50139,1
22205,28665,58269,67481,6080.7,74300,-26670,1
13195,32437,65625,74170,-16973,73280,-33331,-1
15485,23572,61454,64189,-9021.7,88093,-19125,-1
23503,25756,58503,65634,-6119.6,67834,-36404,1
20782,27086,58527,70420,7845.1,79951,-27697,1
19291,31829,65225,66188,-3669.3,74040,-20736,1
24031,24521,59966,73191,8304.1,78494,-35912,-1
18327,25349,57031,73747,-3873.6,78185,-38028,-1
19955,29117,65284,70429,-3601.8,79808,-56731,1
20971,24477,62522,67815,3662.1,85063,-29932,1
21507,25185,69215,71081,-26288,82515,-42936,1
17501,26082,58590,58923,-10315,79049,-47212,-1
19195,33475,65827,76549,1347.7,74133,-38290,-1
12098,23981,65505,71293,-5190.8,78158,-49565,1
23228,25115,55607,68160,-16775,86709,-20127,-1
27316,29182,63171,71008,-12335,66551,-28386,1
20773,36685,57470,70950,-6410.3,67309,-42634,1
20209,29152,57409,66156,-12273,82082,-50703,-1
22074,24055,62209,70726,-4352.7,65696,-18679,1
23746,29559,66624,68867,-9702,92341,-36132,1
22322,27284,60179,69374,-4593.7,79023,-18997,1
20338,29891,61841,83327,-14719,75813,-20832,1
22714,37464,60745,63541,-25731,79148,-31154,1
23004,26539,52903,70141,-3742.4,75039,-40689,1
22690,30690,63441,70556,2330.7,88889,-40463,1
16867,30378,59323,76772,-983.15,66501,-33770,-1
19183,28623,64448,71901,-2481.7,80825,-41508,1
16915,25731,59344,74604,-14407,88403,-26057,-1
17743,27660,59038,73648,-12857,81735,-33344,1
22481,22199,58553,65976,-11696,86061,-42229,-1
11677,33384,64297,71777,-8341.4,66669,-39449,-1
24189,30868,57163,76674,-17964,80359,-55356,1
17867,25106,57422,70648,-9826.7,89549,-27400,-1
20969,28305,64084,78991,-7001.7,91026,-41232,-1
27516,26595,60209,68319,-14380,87494,-39271,-1
23613,25122,64006,69921,-10403,66820,-46868,1
20433,27898,63117,72382,-15046,87923,-47254,1
19292,28621,64855,72211,-1906,68096,-27020,-1
24598,25542,56714,67163,4165.4,84563,-24028,-1
19689,37127,55740,71639,-15694,84106,-25452,-1
23328,28308,56376,67954,-15101,83498,-37465,1
22537,25936,57690,76893,-7272.5,80097,-31377,1
21948,30822,65867,73606,-8218,68647,-28356,-1
19983,31073,66911,73540,-6014.3,65703,-38238,-1
21950,29736,57869,70954,-14201,85269,-35058,-1
19305,28400,64344,71788,-919.34,81013,-44499,-1
14643,27517,57582,75504,-18854,89002,-35166,-1
22693,27801,59469,78444,-7382.1,75141,-26037,1
17633,30803,62143,69716,-3802.2,85388,-35517,-1
16011,29135,58985,74056,-14372,89759,-32920,-1
23977,25877,56263,74940,4002.6,82554,-38109,-1
18271,28401,51280,66965,-19671,81181,-37239,1
21665,27443,62000,83697,-12107,69305,-15042,1
21274,23937,59820,77938,-22194,69687,-43244,1
20548,27549,62030,74056,-18071,80941,-34746,1
21811,26317,63677,72673,-8688.3,88354,-36092,1
22807,27200,62286,66291,-3561.9,87252,-21787,-1
16950,26117,66961,76016,-7329.7,69493,-29674,-1
14251,28989,64324,62828,-8550.3,74382,-25308,-1
22090,30246,51534,82788,2395.4,77184,-35455,-1
16714,33024,62847,68775,-10223,83572,-55567,1
22281,28014,66109,66089,-1324,69926,-36604,1
18687,31634,57847,75667,-4332.1,76976,-41819,-1
21736,21926,61398,70192,-1155.9,79014,-52066,1
22912,28432,52813,72852,-7203.9,69997,-16866,-1
20246,28707,62296,67238,11944,87283,-33070,1
21082,32334,62859,77093,5508.9,66967,-35929,-1
14296,24523,63182,62030,-10556,97254,-33874,-1
20905,29680,60250,83160,4698.3,74411,-38448,-1
24403,27601,67418,68923,-1027.9,72607,-36547,-1
19766,31946,63169,64958,-8084.5,79287,-53254,1
19120,27557,62776,76148,-11466,67584,-36760,1
18255,27822,59639,64729,-9255.8,76643,-27444,-1
23174,27756,55981,69236,-12672,75345,-17862,-1
17989,24442,65000,71966,-19314,76475,-29998,-1
22392,26203,55191,70027,-13453,86592,-49851,-1
19643,33940,55512,82018,-575.43,78893,-19216,1
23324,32224,60583,73961,-10957,89135,-24528,-1
16528,29575,58737,68427,-12936,81446,-51835,1
17719,28003,60716,74471,-11707,65136,-36488,1
22669,34913,58727,78250,4068.7,80214,-35875,-1
20329,24806,61020,74442,-3632.3,86040,-40442,-1
17344,31076,58019,72868,7567.2,81449,-33546,1
15924,29156,64752,69946,5249,79209,-37039,1
19056,30902,62027,75746,-17614,90636,-42391,-1
23956,24522,63758,70728,-8218.5,89083,-20967,-1
18625,30137,64108,70896,-20717,88897,-39269,1
21917,30057,63743,69323,-7065.9,83908,-48390,1
19604,28318,61910,69158,-3381.6,85998,-31191,-1
23562,32550,64357,71046,-14087,84385,-33029,1
21526,29601,60005,65122,-6140.3,90731,-21003,-1
24524,27033,58341,62139,956.93,69143,-19739,1
18327,28017,67239,71693,-978.36,74431,-24591,-1
24463,27714,67389,71944,5193.6,70591,-45753,-1
17411,32030,55904,71545,-2413.9,74226,-53828,1
20596,24472,61401,63667,-10333,69739,-28027,-1
18160,23657,62872,75172,-12457,63634,-34406,1
21628,32213,52371,71439,-3900.2,72618,-50105,-1
22272,26674,54225,65284,-17295,76937,-41086,1
20473,29445,62611,70621,-2669.7,75848,-16704,1
21982,28074,58327,77406,-19285,74889,-37211,1
22441,21897,56145,67964,3824,75302,-32380,1
21905,29653,57282,78090,-15304,69219,-37141,1
14129,18725,64560,69062,-9795.1,82051,-37024,1
20930,25538,58710,82084,-4849,77159,-10169,1
27259,25691,54510,71718,-4805.9,79812,-42619,-1
14999,34616,56480,75704,-11814,79297,-19357,1
19093,28087,59153,70987,7886.4,85957,-28149,-1
18508,27113,62895,68105,-18929,78349,-28963,1
26405,27495,57917,66764,2449.2,89182,-27312,-1
25590,30530,53556,68903,-3068.7,76896,-36268,1
23791,25883,59590,79631,552.88,81469,-36049,-1
23303,26092,61445,65299,-13586,65310,-33025,1
21412,28798,63770,77258,-3237,77178,-47788,1
25168,31414,57587,68600,6849.4,78058,-26819,1
17892,23627,62343,68068,748.42,89588,-33378,-1
20093,29411,63700,62716,-13932,73522,-26763,-1
20205,31098,59089,68713,-428.71,72825,-11862,1
23453,31029,63613,75419,-16743,82609,-60739,1
21012,28474,62997,70126,-4008.9,81316,-44374,1
17802,28674,63678,78587,4581.8,79013,-28009,-1
18228,26744,56501,73205,-7591.8,88964,-24316,-1
21522,28929,62847,72095,-10602,90023,-22118,-1
18193,30963,56149,76878,3535.8,77811,-27020,-1
21857,27310,59670,65001,-1672.6,78413,-12438,1
18191,26124,58985,73411,-6120.4,69543,-21237,-1
21828,27440,56036,68458,-14908,86127,-27678,-1
16493,30982,66387,73368,-4310.5,65632,-17623,-1
20589,32446,57908,75721,2626.7,80229,-25015,1
17726,29164,61787,66630,-882.23,70952,-44530,-1
18326,26831,58521,65188,2987.8,71948,-28193,1
14925,28680,61891,71348,-6217.6,88353,-36489,-1
20857,28060,61215,74860,-11204,90334,-34076,-1
16651,27918,55922,69762,-13671,78003,-36743,1
21464,31629,53097,67934,-18298,82544,-30890,1
21696,24639,58733,75646,-19188,59728,-30970,-1
17596,38706,63115,66375,-572.56,70193,-38491,-1
18143,27584,54848,70063,-13604,91271,-27022,-1
20284,31796,58675,68325,-1573.6,95841,-36845,-1
21926,26777,60383,78490,-19175,87242,-35812,-1
15054,26926,52863,63874,-7818.3,71091,-52170,-1
24116,31507,58760,63835,-2559.5,73193,-42028,1
19216,26029,63069,71745,-9675.4,75883,-49006,1
16079,26268,63928,73398,-6472.2,79490,-19001,-1
20559,29129,64461,71336,-536.89,88100,-42056,1
18234,29182,62514,60612,2504.6,70138,-44869,-1
22144,36726,65566,70162,-10848,91811,-36682,1
22346,30347,64536,74009,-2635.7,72980,-26391,-1
19558,26138,60844,70098,-12102,95938,-31950,1
25475,28000,56536,73041,-5832.1,64814,-37739,1
17726,26485,65771,73957,4789.9,77859,-20007,-1
22647,28905,57221,65839,-14336,88714,-27813,-1
14851,26386,55092,67239,-16219,78402,-35889,1
19086,24716,57160,72531,-14247,82071,-39013,1
20802,26754,57799,74773,-20221,73937,-27699,1
17261,30506,62500,63260,-3805.5,80351,-44134,1
23969,26372,59923,59655,-1470,89250,-34088,-1
20407,27763,62786,70730,6219,69168,-42267,-1
25979,35874,58647,66896,-12490,86930,-17463,-1
19330,19606,60792,68000,-1221.5,70175,-51816,-1
22459,23611,67373,63942,-2091.1,62810,-37381,-1
15240,31683,58148,68897,-15473,90062,-23473,-1
19794,26436,66206,76093,-8378,71810,-34257,-1
17233,26851,61310,71811,-866.92,78191,-48155,1
15565,24213,55070,74188,-4934.1,87191,-47717,-1
18162,27086,66049,68379,2568.6,84821,-27850,-1
19256,31926,59408,72924,2978.1,65437,-43832,-1
23274,34261,68273,73540,-3109.9,71231,-25421,-1
15653,27679,62938,73828,3612.4,84294,-34500,-1
23261,29560,58671,67763,-9321.7,79057,-50848,-1
15059,29452,63182,64324,4296,68754,-46841,-1
19964,31402,60472,65543,-5835.4,63705,-21479,1
16198,21898,62964,64764,-4034.8,74234,-11939,1
17714,23704,58149,74333,-15558,93466,-34009,-1
23265,29100,59313,71932,5858.1,82136,-30030,-1
17729,26898,63630,73684,-3226.4,60673,-39861,-1
14147,27660,61937,62500,-16477,86840,-29563,-1
21823,27686,59171,68439,11314,73645,-31195,1
19530,25844,62717,66631,1583.9,72098,-21722,1
18733,31341,60734,63803,-13176,68686,-33021,1
19271,23461,66334,66011,-13447,76158,-36826,1
19037,29333,68620,72001,339.44,73677,-22139,-1
22803,28714,56921,74523,-18684,86299,-39875,-1
19342,22905,64894,70182,-4445.6,80079,-44895,1
18260,22432,67110,75512,-8816.4,89566,-29085,-1
14129,18725,64560,69062,-9795.1,82051,-37024,1
17319,28313,57035,75653,6481.6,83288,-22511,1
14759,23850,55768,72354,-1740.8,77651,-19561,-1
22084,26880,55626,68843,-8320.3,64904,-31067,1
19197,30944,63082,65418,-569.53,72601,-10556,1
21846,28415,58217,67172,10936,79331,-33447,1
17235,26680,62336,67160,-9932.6,80098,-46891,-1
18132,27394,65833,73802,-22562,69774,-27499,-1
17638,25879,49705,72380,-1428.4,82002,-19885,-1
19065,28421,57979,70611,-12826,83478,-46005,-1
16492,29395,66614,73525,-955.76,68758,-30875,-1
17108,29141,59748,68087,-6708.4,66731,-14645,1
27514,35857,52201,82268,1247.1,86269,-52225,-1
20761,28447,61126,62375,-19681,79479,-46785,-1
20353,33063,59830,67470,6911.7,74445,-36179,1
23758,29073,56975,71965,-10161,90789,-34697,-1
14098,32469,66637,73170,-11947,85818,-37518,1
15445,26235,59278,66545,-4664.6,89606,-38549,-1
22567,23269,60120,81662,2585.1,73420,-37926,-1
22789,29131,61025,63412,-3110.7,80363,-27507,1
19295,27510,57001,68314,-10681,67864,-49185,1
20342,31245,65315,71087,-11336,71415,-18828,-1
17726,27651,59834,75671,-4972.3,65965,-46980,1
25091,30740,66633,72114,-7533.2,76230,-57007,1
23981,23945,58230,68850,2912.5,93520,-26542,1
20964,31196,61627,76716,-7374.6,92902,-14920,1
20096,28759,62769,66759,-12977,66026,-33994,1
18878,29708,59467,73201,-16647,86832,-28414,1
20183,26417,60271,63866,3240.9,77141,-23464,1
20636,20370,60702,67730,-24808,79991,-18641,-1
18861,25705,57799,73312,-7158.8,71920,-19396,-1
19708,27492,70793,69437,-12456,78331,-36917,1
20118,24662,61509,75119,-1954.3,81871,-38723,-1
17031,33640,62855,67817,-3945.8,86397,-34423,1
26325,30095,67043,72868,-223.25,99781,-16156,1
